existingchecking,duration,credithistory,purpose,creditamount,savings,employmentsince,installmentrate,statussex,otherdebtors,residencesince,property,age,otherinstallmentplans,housing,existingcredits,job,peopleliable,telephone,foreignworker,classification
0,10,2,4,1132,0,2,4,2,0,4,0,25,2,1,1,2,1,1,0,0
3,21,2,9,2605,0,2,3,2,0,4,2,28,2,1,1,2,1,0,0,0
1,19,4,0,6167,0,3,2,2,0,4,2,35,2,1,1,2,1,1,0,0
3,13,2,4,1736,0,2,3,2,0,3,0,30,2,1,1,1,1,0,0,0
3,12,4,4,1892,4,2,4,2,0,4,2,28,2,1,1,3,1,1,0,0
0,20,2,0,1282,1,2,3,1,0,2,2,28,2,0,1,2,1,0,0,1
3,12,4,4,1892,0,2,4,2,0,4,2,28,2,1,1,3,1,1,0,0
1,6,2,0,931,0,1,1,1,0,1,2,31,0,0,1,2,1,0,0,1
3,15,4,4,710,0,4,2,2,0,3,0,42,2,1,1,1,1,0,0,0
3,13,2,3,1536,0,2,3,1,0,3,2,33,2,1,1,2,1,1,0,0
3,34,4,9,6305,0,4,3,2,0,4,3,36,2,1,1,2,1,0,0,0
3,12,2,1,1403,0,4,2,2,0,4,0,43,2,1,1,2,1,1,0,0
1,28,2,0,7408,4,2,1,2,0,3,1,47,2,1,1,2,1,0,0,0
1,9,2,4,1320,0,1,4,1,0,3,2,29,2,0,1,2,1,0,0,1
0,32,2,4,2387,0,1,3,1,0,1,0,33,2,1,1,2,1,0,0,1
3,27,2,3,7821,4,3,3,1,0,3,1,39,2,0,1,2,1,1,0,0
1,15,4,4,1053,0,1,4,2,0,1,1,27,2,1,1,2,1,0,0,0
3,31,4,1,6738,0,3,2,2,0,3,3,36,2,1,1,3,1,1,0,0
3,13,4,4,1849,0,4,4,2,0,1,2,37,2,1,1,2,1,1,0,0
0,41,2,0,5441,0,4,2,2,0,4,3,41,2,2,1,2,1,0,0,0
3,29,3,3,4217,1,2,2,2,0,1,1,28,2,1,1,2,1,0,0,0
3,7,4,0,729,0,4,4,2,0,2,0,46,2,1,2,2,1,0,0,0
3,14,2,9,2511,0,4,2,2,0,4,0,46,2,1,1,2,1,0,0,0
1,44,4,1,6124,0,4,1,2,0,3,2,29,2,1,1,2,1,1,0,0
3,17,1,4,1550,0,2,4,2,0,4,2,40,0,1,1,2,1,0,0,1
3,38,2,0,7409,0,2,2,2,0,1,1,36,2,1,1,2,1,0,0,0
3,18,2,1,4662,4,1,2,2,0,2,2,30,2,1,1,1,1,1,0,0
3,12,2,4,1375,0,4,4,1,0,2,0,65,2,1,1,2,1,1,0,0
3,14,2,4,1458,0,1,3,1,0,2,2,42,2,1,1,2,1,0,0,0
0,25,2,0,2503,0,4,3,2,0,2,1,43,2,1,1,2,1,0,0,0
0,45,2,9,3906,0,2,4,2,0,3,3,45,2,1,1,2,1,0,0,1
3,11,2,9,1950,0,3,2,2,0,3,2,32,2,1,1,3,1,1,0,0
3,22,2,0,3491,1,3,3,2,0,3,2,23,2,1,1,2,1,1,0,0
1,14,2,0,1223,0,1,4,1,0,2,0,23,2,1,1,2,1,0,0,1
0,10,2,4,664,0,2,4,3,0,1,2,23,2,1,1,1,1,0,0,1
3,48,2,1,7612,4,4,3,1,0,2,2,40,2,1,1,3,1,0,0,0
1,13,4,3,959,0,1,2,2,0,2,2,37,2,1,2,1,1,0,0,0
3,15,2,0,2246,0,2,3,2,0,3,2,35,2,1,1,2,2,0,0,0
2,24,2,0,2302,0,1,4,2,0,1,2,44,2,1,1,2,1,0,0,1
3,17,4,4,2389,4,2,3,2,0,1,2,27,2,1,1,2,1,0,0,0
1,19,0,9,4292,0,2,4,1,0,2,2,38,2,1,1,1,1,0,0,1
3,24,4,3,3983,4,3,2,2,0,3,1,25,2,1,1,2,1,1,0,0
3,12,2,3,1554,0,2,4,2,0,4,1,53,2,1,1,2,1,0,0,1
0,24,4,0,6573,0,2,2,2,0,2,3,24,2,2,1,3,1,1,0,0
3,9,2,4,1391,0,2,2,1,0,1,2,27,2,0,1,2,1,0,0,0
2,17,2,0,2898,0,4,1,2,0,2,2,29,2,1,1,2,1,0,0,0
3,51,2,1,10266,0,3,3,2,0,3,0,38,2,1,1,2,1,1,0,0
3,18,2,3,3611,0,2,3,1,0,3,1,37,2,1,1,1,1,0,0,0
1,8,2,0,3521,1,3,2,2,0,3,2,33,2,1,1,2,1,1,0,0
0,28,4,0,4821,0,3,2,2,1,2,1,31,2,1,1,2,1,0,0,1
0,16,2,0,2579,0,2,4,2,0,1,0,36,2,0,1,2,2,0,0,1
0,36,2,0,8038,0,4,3,2,0,2,3,25,2,1,2,3,1,1,0,1
3,23,2,1,2681,0,3,3,2,0,2,1,36,2,1,1,3,1,1,0,0
2,19,2,4,1332,0,1,3,2,0,1,2,34,0,1,1,2,1,0,0,1
3,7,4,4,1237,0,4,2,1,0,4,0,29,2,1,1,2,1,0,0,0
2,15,2,4,3008,0,4,2,2,0,2,2,37,2,1,1,2,1,0,0,0
3,14,2,4,1597,0,4,3,2,0,2,1,44,2,1,1,2,2,0,0,0
1,20,4,1,6465,0,4,1,2,0,3,3,58,2,1,1,3,1,1,0,0
3,19,2,0,1258,0,1,3,2,0,2,0,23,2,1,1,2,1,0,0,0
1,9,2,1,2798,0,3,2,1,0,2,2,35,2,1,2,2,1,0,0,0
3,15,2,4,1065,0,4,3,2,0,1,2,28,2,1,1,2,1,0,0,0
3,7,2,0,1346,0,2,2,2,0,3,1,35,2,1,1,2,1,0,0,0
0,15,2,0,1440,0,3,3,2,0,3,3,31,2,1,1,2,1,0,0,1
3,23,2,4,1525,0,2,4,1,0,3,2,33,2,1,1,2,1,0,0,0
1,12,2,4,833,0,4,4,2,0,2,2,23,0,1,1,2,1,0,0,1
0,11,2,4,643,0,2,4,3,0,2,2,29,2,1,1,1,1,0,0,1
0,24,2,3,4184,0,2,3,1,0,3,1,27,2,1,1,2,1,0,0,0
0,44,2,9,3831,0,2,4,2,0,3,3,36,2,1,1,2,1,0,0,1
0,34,2,4,3095,0,1,2,1,0,4,1,30,2,0,1,2,1,0,0,1
3,34,4,2,6305,0,4,4,2,0,3,3,34,2,1,2,3,1,1,0,0
1,36,2,4,3014,0,2,4,2,0,3,0,22,2,1,1,2,1,0,0,1
0,21,1,4,1538,0,1,3,3,0,3,2,27,2,1,1,1,1,0,0,1
3,9,4,4,1156,0,2,2,2,0,3,0,35,2,1,2,2,1,1,0,0
0,13,4,3,1858,0,1,4,3,0,2,1,33,2,0,2,2,1,1,0,0
3,20,2,4,2608,0,2,4,1,0,4,0,28,2,1,1,2,1,1,0,0
3,10,2,4,702,0,2,3,2,0,2,0,37,2,1,1,2,1,0,0,0
3,24,4,1,3870,0,2,4,2,0,2,2,40,2,1,1,2,1,0,0,0
3,24,2,1,2825,2,2,4,2,0,2,0,33,2,1,1,2,1,0,0,0
3,8,2,4,2111,0,2,2,2,0,2,0,35,2,1,1,2,1,0,0,0
0,15,2,3,2162,0,2,4,1,0,1,3,28,2,1,1,2,1,0,0,1
3,12,2,0,1390,0,2,4,2,0,3,0,36,2,1,1,2,1,1,0,0
1,17,2,1,2925,4,1,1,2,0,1,2,27,2,1,1,2,1,0,0,0
1,55,3,4,13101,4,3,2,2,0,4,2,51,2,1,1,3,1,1,0,0
2,22,2,1,2917,0,4,3,2,0,4,2,58,2,1,1,2,2,1,0,0
3,11,2,0,1205,1,4,4,2,0,3,1,58,2,1,1,2,1,1,0,0
1,14,2,4,1058,0,4,3,3,0,2,0,26,2,1,1,2,1,0,0,0
1,8,2,4,519,0,4,3,2,0,2,0,34,2,1,1,2,1,0,0,0
3,31,2,4,3077,4,4,3,2,0,2,3,38,2,1,1,2,1,1,0,0
3,23,2,1,6981,4,3,3,2,0,4,1,36,2,0,1,3,1,1,0,0
0,43,2,7,1843,0,2,4,1,0,3,2,23,1,1,1,2,1,1,0,1
0,11,2,0,3909,0,0,1,2,0,2,1,36,2,1,2,2,2,0,0,0
1,23,2,9,1900,4,2,4,2,0,4,0,28,2,1,1,2,1,1,0,0
0,36,2,4,1838,0,3,4,1,0,4,2,34,2,1,1,2,1,0,0,1
1,23,4,9,2442,0,4,3,2,0,4,1,38,2,1,3,2,1,0,0,0
3,12,2,4,1963,0,4,4,1,0,2,2,31,2,1,2,2,1,0,0,0
0,30,2,3,3441,0,2,2,2,0,3,0,22,2,1,1,2,1,0,0,1
0,32,2,1,11814,0,2,2,2,0,3,2,33,2,0,2,1,1,0,0,1
3,23,4,4,1377,0,4,4,1,0,2,0,47,2,0,1,2,1,1,0,0
1,12,2,3,1296,0,2,3,2,0,3,1,22,2,1,1,2,1,0,0,0
3,11,2,4,3398,0,4,1,2,0,3,1,37,2,1,1,2,1,0,0,0
3,16,4,4,1809,0,2,3,1,0,1,1,28,2,1,2,2,1,0,0,0
1,9,2,4,1141,0,4,3,2,0,3,0,28,2,1,2,2,1,0,0,0
3,21,2,4,2620,0,2,4,2,0,3,2,32,2,1,1,2,1,1,0,0
3,14,4,9,1936,0,2,4,2,0,4,2,46,2,1,2,2,1,1,0,0
3,14,2,0,1387,0,2,4,2,0,2,0,41,2,1,1,2,1,1,0,0
0,24,2,1,6575,0,0,2,2,0,2,3,29,2,2,1,3,1,1,0,0
1,18,2,9,1406,0,2,2,2,0,3,0,28,2,1,1,2,1,1,0,0
0,12,2,0,892,0,2,4,3,0,4,2,33,2,1,1,2,1,0,0,1
3,40,3,1,8988,4,2,2,2,0,2,2,35,2,1,1,3,1,1,0,0
0,14,4,3,1541,0,2,2,2,0,1,2,31,0,1,1,2,1,0,0,1
0,19,2,0,909,0,2,4,3,0,2,1,26,2,1,1,2,1,0,0,1
0,21,3,4,1649,0,1,4,2,0,2,2,37,2,1,1,2,1,0,0,1
3,12,2,4,625,0,1,4,1,0,3,0,53,2,1,1,1,1,0,0,0
0,46,2,9,3899,0,2,4,2,0,1,3,38,2,1,1,2,1,0,0,1
3,20,2,4,2663,0,2,4,2,0,2,2,30,2,1,1,2,1,0,0,0
0,24,2,4,1837,0,2,4,2,0,4,2,34,2,1,1,2,1,1,0,1
3,19,4,3,2758,0,4,3,2,0,4,2,35,2,1,1,2,1,1,0,0
3,6,2,4,1378,0,4,3,1,0,3,0,73,2,1,1,2,1,1,0,0
2,12,2,4,3017,0,3,2,2,0,1,0,33,2,1,1,2,1,0,0,0
3,29,2,1,3857,0,2,4,0,0,3,2,40,2,1,1,2,1,1,0,0
1,17,2,4,1054,0,1,4,2,0,1,0,29,2,1,1,2,1,0,0,0
3,16,4,9,1455,0,2,3,1,0,1,2,34,2,1,1,2,1,0,0,0
0,9,2,0,655,0,1,3,1,0,4,0,23,2,1,1,1,1,1,0,0
1,24,2,1,3866,0,2,4,0,0,2,2,40,2,1,1,2,1,1,0,0
0,11,2,0,1229,0,2,3,1,0,3,0,23,2,1,1,2,1,0,0,1
0,57,3,0,6836,0,2,2,2,0,3,2,61,2,1,1,2,1,1,0,1
1,12,2,0,1320,3,4,3,2,0,3,0,41,2,1,2,2,1,0,0,0
3,9,2,7,1918,0,2,3,2,0,3,2,35,2,0,1,2,1,1,0,0
1,38,2,4,4793,0,3,4,2,0,1,1,29,2,1,1,3,1,0,0,0
3,18,2,4,1940,0,3,3,2,0,2,2,35,2,1,1,2,1,1,0,0
3,12,2,4,2899,1,4,1,2,0,4,0,34,2,1,1,2,1,0,0,0
3,13,2,4,2032,0,2,4,3,0,1,2,30,2,1,1,2,1,0,0,0
3,12,4,4,1587,0,4,3,2,0,3,2,48,2,1,1,2,1,0,0,0
3,9,4,5,1224,0,2,2,2,0,1,1,30,2,1,1,2,1,0,0,0
0,12,2,4,690,0,3,3,2,0,3,2,34,0,1,1,1,1,0,0,1
1,6,2,0,1048,0,1,3,2,0,2,1,42,2,1,1,2,1,0,0,0
0,11,4,3,2131,0,2,2,2,0,2,0,29,2,1,1,2,1,0,0,0
3,10,4,8,1232,4,4,3,2,0,3,1,32,2,1,2,1,1,0,0,0
0,46,2,1,6574,0,0,4,2,0,4,3,34,2,1,1,3,1,1,0,0
3,24,2,3,3763,0,1,3,1,0,4,2,38,2,1,1,2,1,0,0,0
3,15,2,4,2723,0,2,3,2,0,2,0,33,2,1,2,2,1,1,0,0
1,36,2,9,3807,0,2,4,2,0,1,3,41,2,1,1,2,1,0,0,1
0,21,2,7,1833,0,2,3,1,0,2,0,25,2,1,1,2,1,1,0,1
1,48,2,3,6284,0,4,4,2,0,4,3,47,2,2,1,2,1,0,0,1
1,15,2,3,2771,0,4,1,2,0,2,2,25,0,1,1,2,1,0,0,1
0,42,2,4,3069,0,1,3,2,0,4,1,27,2,1,1,2,1,0,0,1
3,12,4,4,1801,0,2,3,1,0,2,1,37,2,1,1,2,1,0,0,0
0,29,2,3,3109,0,1,2,1,0,3,1,30,2,0,1,2,1,0,0,1
1,10,2,4,2325,2,1,1,2,0,1,2,41,0,1,1,2,1,0,0,0
3,18,4,1,3361,4,4,3,2,0,2,3,26,2,1,1,2,1,1,0,0
1,32,2,2,11946,0,2,1,2,0,1,2,32,2,1,1,3,1,1,0,1
3,13,2,0,802,0,2,4,2,0,2,0,31,2,1,1,1,1,0,0,0
3,8,2,4,1595,0,4,3,2,0,2,2,51,2,1,1,2,2,0,0,0
3,21,2,3,1597,0,3,4,2,0,3,1,32,2,1,2,2,1,0,0,0
1,10,2,4,1092,0,2,4,2,0,3,0,27,2,1,2,2,1,1,0,0
3,31,2,1,8478,2,2,1,1,0,2,2,23,2,1,1,2,1,0,0,0
3,24,4,3,4157,0,2,3,2,0,3,1,27,2,1,1,2,1,0,0,0
0,12,2,0,694,0,3,4,2,0,3,2,39,0,1,1,1,1,0,0,1
0,13,2,0,1282,4,2,2,1,0,3,3,21,2,0,1,2,1,0,0,1
0,18,2,3,3594,0,2,3,1,0,3,1,39,2,1,2,1,1,0,0,0
3,17,4,4,1795,0,2,3,2,0,3,1,47,2,1,2,2,1,0,0,0
0,6,2,4,2108,0,2,2,2,0,2,0,29,2,0,1,2,1,0,0,0
0,21,2,0,948,0,3,3,1,0,2,2,36,2,0,1,2,1,0,0,1
3,12,2,1,1410,0,4,2,2,0,3,0,61,2,1,1,2,1,1,0,0
3,7,4,8,930,0,0,1,2,0,2,2,38,2,1,1,2,1,0,0,0
0,11,2,0,1209,1,2,4,2,0,2,1,41,2,1,1,2,1,1,0,0
1,6,2,4,433,0,4,2,3,0,1,1,44,2,1,1,1,1,0,0,0
3,40,2,1,8547,4,2,3,1,0,1,2,42,2,1,1,2,1,0,0,0
3,6,4,4,1238,4,4,1,2,0,1,1,30,2,1,2,2,1,0,0,0
3,8,2,3,1766,0,4,1,2,0,2,1,22,2,1,1,1,1,0,0,0
3,14,2,1,4660,0,2,2,2,0,2,2,28,2,1,1,1,1,1,0,0
3,27,2,4,2187,4,4,4,2,0,4,0,38,2,1,2,2,1,0,0,0
3,17,4,4,1448,0,3,4,2,0,3,0,47,2,1,1,1,1,0,0,0
3,9,4,3,1412,0,2,3,2,0,2,0,33,2,1,1,1,1,1,0,0
3,13,2,4,1934,0,2,2,2,0,2,3,25,2,1,2,2,1,1,0,0
3,7,4,0,1182,0,0,4,2,0,4,0,67,2,1,2,3,1,1,0,0
0,24,2,3,3143,0,1,3,1,0,2,1,28,2,1,1,2,1,0,0,1
0,43,2,9,6660,0,2,4,2,0,3,3,36,2,2,1,3,1,1,0,0
3,26,4,3,4183,1,2,2,2,0,2,1,31,2,1,2,2,1,0,0,0
0,12,2,4,634,0,2,4,1,0,2,0,27,2,1,1,1,1,0,0,1
0,24,2,0,4070,0,4,3,2,0,3,2,37,2,0,1,2,1,0,0,1
0,24,2,0,1365,0,2,4,1,0,2,1,38,2,1,1,2,1,0,0,1
3,12,4,0,3378,0,3,1,2,0,1,2,33,2,1,1,2,1,0,0,0
0,24,2,0,1355,0,1,4,2,0,2,2,39,2,1,1,3,1,1,0,1
3,17,2,4,1963,0,4,4,2,0,2,2,36,2,1,2,2,1,0,0,0
3,14,2,4,876,4,1,4,1,0,3,0,23,2,1,1,2,1,0,0,0
3,20,2,2,2621,0,2,2,2,0,3,2,28,2,1,1,2,1,0,0,0
1,12,2,0,3589,0,2,1,1,0,1,0,28,2,1,1,1,1,0,0,0
3,12,4,3,980,0,3,4,1,0,4,0,32,2,1,2,2,1,0,0,0
0,11,2,3,3958,0,0,1,2,0,2,1,31,2,1,1,2,1,1,0,0
3,34,2,1,8112,0,3,1,2,0,2,2,28,2,1,1,2,1,0,0,0
0,21,2,3,3593,0,2,2,1,0,3,2,30,2,1,2,2,1,0,0,1
3,4,2,4,601,0,1,1,2,0,3,0,23,2,1,1,1,1,0,0,0
1,9,4,9,1413,0,2,4,2,0,2,0,31,2,1,1,1,1,1,0,0
0,47,4,7,5952,0,4,2,2,0,2,3,22,2,2,1,2,1,1,0,1
1,35,4,3,5210,0,2,2,1,0,3,2,41,2,1,1,3,1,1,0,1
0,6,2,4,342,0,4,4,1,0,1,2,29,2,1,1,2,1,0,0,0
2,18,2,0,2251,0,2,3,2,0,1,2,45,2,1,1,1,1,0,0,0
3,37,4,1,10511,4,4,2,2,0,4,3,34,2,1,2,2,1,1,0,0
0,24,4,3,2818,0,2,3,2,0,3,0,30,2,1,1,2,1,1,0,0
1,9,2,0,956,0,3,1,2,0,2,2,28,2,1,1,2,1,0,0,1
0,18,2,4,2471,0,2,3,2,0,1,0,24,2,1,1,2,1,0,0,1
3,16,4,1,3346,0,4,4,2,0,2,3,28,2,1,1,2,1,1,0,0
1,38,0,0,5163,0,0,3,1,0,2,2,29,2,1,1,3,1,1,0,1
3,9,2,4,3447,0,4,2,2,0,3,0,49,2,1,1,2,1,1,0,0
3,46,3,1,8867,4,2,2,2,0,1,3,34,2,2,1,2,1,1,0,0
1,14,2,0,6463,4,4,2,2,0,2,3,45,2,1,1,2,1,0,0,1
3,20,2,3,2831,2,2,3,2,0,2,0,33,2,1,1,2,2,0,0,0
1,32,0,9,4281,0,2,1,1,0,3,2,23,2,1,1,3,1,0,0,1
0,19,2,4,1934,0,2,2,2,0,3,1,24,2,1,2,1,1,1,0,0
3,19,2,0,2017,0,2,4,2,0,3,3,46,2,1,1,2,1,1,0,0
3,18,1,9,1572,3,4,4,2,0,3,2,39,0,1,1,2,1,0,0,0
3,39,2,0,10422,0,4,3,2,0,3,2,37,2,1,1,2,1,1,0,0
3,14,4,4,1937,0,2,3,2,0,4,1,40,2,1,2,2,1,1,0,0
3,14,2,4,1905,0,2,4,2,0,3,2,39,2,1,1,2,1,1,0,0
3,28,3,4,7098,4,2,2,2,0,4,2,33,2,0,1,2,1,1,0,0
3,24,2,0,3766,0,1,2,1,0,4,2,34,2,1,1,2,1,0,0,0
1,13,2,0,1229,0,2,2,1,0,3,0,47,2,1,1,2,1,0,0,1
3,33,2,1,3833,0,2,2,2,0,2,1,35,2,1,1,2,1,0,0,0
3,36,2,1,8966,4,2,2,2,0,2,3,31,2,2,1,2,2,1,0,0
3,8,2,0,1542,0,2,2,2,0,2,0,38,2,1,1,1,1,0,0,0
3,23,4,3,2031,0,3,4,2,0,3,2,60,2,1,1,2,1,0,0,0
1,24,2,0,2026,0,3,4,2,0,4,1,47,2,1,1,2,1,1,0,0
3,9,2,0,723,0,4,4,2,0,2,0,48,2,1,2,2,1,0,0,0
3,24,2,4,2674,0,4,4,2,0,3,2,35,2,1,1,2,1,1,0,0
0,24,2,3,3124,0,1,4,1,0,1,1,27,2,0,1,2,1,0,0,1
0,12,2,0,610,0,2,4,2,0,1,2,25,2,1,1,1,1,0,0,1
3,6,2,0,660,0,3,2,1,0,4,0,25,2,1,1,2,1,1,0,0
1,8,2,0,939,0,3,2,2,0,2,2,29,2,1,2,2,1,0,0,1
3,9,4,4,1129,0,2,2,1,0,4,0,50,2,1,1,1,1,0,0,0
0,18,2,0,1332,0,2,3,2,0,1,0,33,2,1,1,2,1,0,0,1
1,11,2,4,755,0,2,4,1,0,3,0,39,2,1,1,2,1,0,0,0
3,15,2,4,3182,4,1,2,2,0,2,1,20,2,1,1,2,1,0,0,0
3,23,2,4,3418,0,2,3,2,0,2,2,35,2,1,1,3,1,0,0,0
3,40,3,0,11514,4,3,3,2,0,2,2,37,2,1,1,3,1,1,0,0
0,19,2,3,3361,0,1,3,2,0,2,3,37,2,2,1,2,1,1,0,1
3,27,0,1,9296,4,2,2,2,0,3,3,46,2,2,1,3,1,0,0,0
3,24,2,4,1376,1,2,4,2,0,1,0,46,2,1,1,2,1,1,0,0
3,22,2,4,3181,4,1,3,2,0,3,0,25,2,0,1,2,1,0,0,0
3,14,4,0,1464,0,4,3,2,0,2,0,48,2,1,1,1,1,0,0,0
3,54,2,4,9401,4,2,2,2,0,2,3,37,2,2,1,2,1,1,0,0
3,17,2,4,1507,0,2,4,1,0,2,2,29,2,1,1,2,1,0,0,0
1,18,2,4,1961,0,3,3,1,0,2,2,23,2,1,1,2,1,1,0,0
1,8,2,4,902,0,1,3,1,0,2,0,24,2,1,1,2,1,0,0,0
0,21,2,0,2576,0,4,4,2,0,2,0,41,2,1,1,2,2,0,0,1
0,24,2,3,1741,0,1,4,2,0,1,0,47,2,1,1,1,1,0,0,0
3,14,2,9,1442,0,3,4,1,0,1,1,23,2,1,1,2,1,0,0,0
1,7,2,4,765,0,2,2,2,0,3,0,64,2,1,1,2,1,0,0,0
0,13,4,0,1880,0,2,2,3,0,1,1,41,2,1,1,3,1,1,0,0
1,26,0,6,6174,0,2,1,2,0,4,0,26,2,1,2,2,1,1,0,0
3,11,2,4,1760,0,4,1,2,0,1,0,21,2,1,1,1,1,0,0,0
3,18,2,4,3408,0,2,2,2,0,2,2,32,2,1,1,2,1,0,0,0
1,17,2,4,1123,0,2,3,2,0,2,0,20,2,1,1,2,1,0,0,0
3,16,2,4,3004,4,2,3,2,0,1,2,26,2,1,1,2,1,0,0,0
0,19,1,4,1580,0,2,4,2,0,2,2,40,2,1,1,2,1,0,0,1
3,20,4,4,2758,0,4,3,2,0,4,2,35,2,1,1,2,1,1,0,0
3,21,4,4,2286,0,2,3,2,0,2,2,27,2,1,1,2,1,1,0,0
1,12,2,1,2928,1,1,2,2,0,1,2,27,2,1,1,2,1,0,0,0
3,6,2,4,700,0,2,3,2,0,3,0,36,2,1,1,2,1,0,0,0
0,41,2,4,1843,0,2,4,1,0,4,3,27,2,1,1,2,1,1,0,1
3,27,2,4,1869,0,2,4,2,0,4,2,54,2,1,1,3,1,1,0,0
2,12,4,0,1339,0,4,4,2,0,1,2,36,2,1,1,2,1,0,0,0
1,24,2,3,2992,0,2,4,2,0,3,0,23,2,1,1,2,1,0,0,1
3,12,2,0,2028,0,3,3,2,0,2,1,30,2,1,1,2,1,1,0,0
3,12,2,4,3446,0,4,3,2,0,2,2,34,2,1,1,2,1,1,0,0
0,6,4,0,257,0,2,2,1,0,2,2,35,2,1,1,1,1,0,0,0
3,29,4,3,4217,0,2,2,2,0,1,1,27,2,1,2,2,1,0,0,0
1,20,2,0,7382,0,2,2,2,0,4,1,41,2,1,1,2,1,0,0,0
3,12,2,4,1695,0,2,3,2,0,1,0,33,2,1,1,2,1,0,0,0
0,13,2,3,3379,0,2,3,2,0,3,3,35,2,1,1,2,1,1,0,1
3,38,2,3,5470,4,0,2,2,0,4,3,41,2,1,1,2,1,0,0,0
1,23,3,4,2329,0,1,3,2,0,2,2,28,0,1,1,2,1,0,0,0
3,21,2,9,2520,0,4,2,2,0,2,1,28,2,1,1,2,1,0,0,0
1,11,2,3,1109,0,4,4,2,0,3,2,28,2,1,2,2,1,0,0,1
1,26,3,9,6801,0,3,2,2,0,3,2,41,2,1,2,3,1,1,0,0
0,21,2,0,1282,0,2,4,1,0,3,2,29,2,0,1,2,1,0,0,1
3,15,2,4,1937,0,3,3,2,0,4,2,39,2,1,1,2,1,1,0,0
1,12,4,0,2263,0,2,3,2,0,2,2,53,0,1,2,2,1,0,0,1
3,24,2,0,3503,0,3,2,2,0,3,0,32,2,1,1,2,1,1,0,0
3,12,2,4,2384,0,2,3,2,0,3,2,46,2,1,1,3,1,0,0,0
3,28,4,4,4554,0,1,3,2,0,2,2,32,2,1,2,2,1,1,0,0
3,22,2,9,1554,1,2,3,2,0,1,0,30,2,1,1,2,1,0,0,0
3,12,2,0,632,0,4,4,1,0,1,1,37,2,1,1,2,1,0,0,0
0,6,2,4,346,0,4,4,1,0,1,0,31,2,1,1,2,1,0,0,0
3,4,4,4,1454,0,3,2,2,0,1,2,41,2,1,2,2,1,0,0,0
3,13,2,0,805,0,2,4,2,0,4,0,27,2,1,1,1,1,0,0,0
3,16,2,0,2047,0,3,3,2,0,1,1,31,2,1,1,2,1,0,0,0
3,14,2,0,1386,0,4,3,2,0,1,0,38,2,1,1,2,1,1,0,0
3,12,2,4,1498,0,1,4,2,0,3,0,37,2,1,1,1,1,0,0,0
3,37,4,1,10850,0,4,1,2,0,1,3,43,2,1,1,3,1,1,0,0
3,13,2,3,1723,0,1,2,2,0,2,0,35,2,1,1,1,1,0,0,0
3,30,4,3,4251,1,2,2,2,0,1,1,26,2,1,2,2,1,0,0,0
3,16,4,3,1021,4,2,4,1,0,2,0,31,2,1,1,2,1,0,0,0
3,6,2,4,1495,0,2,1,1,0,1,0,27,2,1,1,2,1,0,0,0
3,20,2,4,1309,3,4,4,3,0,3,1,30,2,1,1,2,1,0,0,0
1,27,2,0,14488,0,4,3,2,0,2,2,60,2,1,1,2,1,1,0,1
3,24,2,9,6569,0,2,2,2,0,2,3,21,2,2,1,3,1,1,0,0
0,24,2,4,1926,0,2,2,2,0,2,1,31,2,1,1,1,1,1,0,0
3,13,2,4,2055,4,2,4,3,0,1,2,31,2,1,1,2,1,0,0,0
3,25,2,8,903,0,1,4,1,0,3,2,37,2,1,1,2,1,1,0,0
1,12,2,0,898,0,4,4,1,0,2,2,25,0,1,1,2,1,0,0,1
1,41,2,4,6029,0,2,4,1,0,3,3,30,2,2,1,2,1,0,0,1
1,31,2,9,6307,0,4,4,2,0,3,0,32,2,1,2,2,1,0,0,0
0,12,2,0,1373,0,1,2,1,0,2,2,34,2,1,1,2,1,0,0,1
3,22,2,4,2667,0,2,4,2,0,3,2,34,2,1,1,2,1,0,0,0
3,19,2,3,3779,0,1,3,1,0,2,0,38,2,1,1,2,1,0,0,0
3,21,2,6,2607,0,2,4,2,0,3,2,31,2,1,1,2,1,1,0,0
3,21,2,9,1940,0,2,4,2,0,3,2,48,2,1,1,2,1,1,0,0
0,44,2,1,5374,4,0,2,2,0,4,1,39,2,1,1,2,1,1,0,0
1,16,2,3,3601,0,2,1,2,0,2,1,42,2,1,1,2,1,0,0,0
3,47,2,4,9242,4,2,1,2,0,2,3,46,2,2,1,1,1,0,0,0
1,24,4,3,4242,0,2,1,1,0,4,2,35,2,1,2,3,1,0,0,1
3,7,4,4,730,4,4,4,2,0,2,1,46,2,1,2,2,1,1,0,0
3,24,4,1,6316,0,4,3,2,0,2,3,27,2,1,1,3,1,1,0,0
0,28,2,3,3084,0,1,3,2,0,2,1,27,2,1,1,2,1,0,0,1
0,34,2,0,3942,0,2,3,2,0,3,2,39,2,1,1,2,1,1,0,1
3,15,4,0,3584,0,1,2,2,0,2,1,48,2,1,1,1,1,0,0,0
3,20,2,4,3357,4,2,3,2,0,2,2,28,2,1,1,2,1,0,0,0
3,15,2,4,1500,0,2,4,1,0,2,0,32,2,1,1,2,1,0,0,0
0,34,2,4,1840,0,2,4,1,0,4,2,28,2,1,1,2,1,1,0,1
0,23,2,0,1344,0,1,4,2,0,2,2,36,2,1,1,2,1,1,0,1
0,24,2,0,2919,0,4,3,2,0,4,3,61,2,1,1,2,1,1,0,0
3,12,2,4,1567,1,4,1,1,0,1,2,22,2,1,1,1,1,0,0,0
0,24,2,3,5484,0,4,2,2,0,4,3,38,2,2,1,2,1,0,0,0
1,11,2,4,860,0,1,3,1,0,2,0,29,2,1,1,2,1,0,0,0
3,20,2,3,3272,0,4,1,2,0,4,2,35,2,1,1,3,1,1,0,0
3,27,2,4,1859,0,2,4,2,0,3,2,46,2,1,1,2,1,1,0,0
3,12,2,3,1538,0,3,2,1,0,3,2,34,2,1,1,2,1,1,0,0
0,12,2,0,697,0,4,4,2,0,2,2,45,0,1,1,1,1,0,0,1
3,12,2,4,726,4,4,4,2,0,4,1,49,2,1,2,2,1,1,0,0
0,8,2,3,3384,0,1,1,2,0,4,1,40,2,0,1,3,1,1,0,1
3,16,4,9,1439,0,3,3,1,0,4,2,50,2,1,1,1,1,0,0,0
0,19,4,3,3645,0,4,1,2,0,4,2,22,2,0,1,2,1,0,0,0
3,12,2,4,701,0,2,3,2,0,2,0,39,2,1,1,2,1,0,0,0
2,24,2,4,2365,0,1,1,2,0,1,2,31,2,0,1,2,1,0,0,1
3,9,2,4,1389,0,2,2,1,0,1,2,26,2,0,1,2,1,0,0,0
3,27,4,9,4230,1,2,2,2,0,2,1,26,2,1,1,2,1,0,0,0
0,12,4,3,2121,0,2,3,2,0,2,0,31,2,1,2,2,1,0,0,0
3,29,2,1,2748,0,4,3,2,0,2,2,28,2,1,2,2,1,0,0,0
3,19,4,3,1839,0,2,4,3,0,3,1,39,2,1,2,2,1,0,0,0
3,59,2,0,7419,0,2,1,2,0,1,1,27,2,1,1,3,1,0,0,0
1,39,3,9,6739,4,3,3,2,0,4,3,40,2,1,1,3,2,1,0,0
3,15,2,1,2449,4,4,2,2,0,3,0,26,2,1,1,2,1,1,0,0
3,13,4,3,984,4,2,1,1,0,3,0,19,2,1,1,2,1,0,0,0
0,12,2,0,674,0,2,3,2,0,1,2,20,2,1,1,1,1,0,0,1
0,14,1,0,1599,0,2,4,2,0,2,2,35,2,0,1,1,1,0,0,1
0,29,2,0,3730,0,2,2,1,0,3,2,26,2,1,1,2,1,0,0,0
3,4,2,1,3380,3,4,1,2,0,1,2,37,2,1,1,2,1,0,0,0
3,20,2,4,2668,2,4,3,2,0,3,2,34,2,1,1,2,1,0,0,0
1,9,2,4,2105,0,2,2,2,0,2,0,45,2,1,1,1,1,0,0,0
3,12,2,9,1259,0,2,2,0,0,3,1,25,2,1,2,2,1,1,0,0
1,31,4,0,2350,0,2,2,0,0,2,2,44,2,1,1,2,1,1,0,0
3,13,2,1,2789,4,3,1,1,0,2,2,28,2,1,1,2,1,0,0,0
1,11,2,6,1292,0,4,3,2,0,4,0,46,2,1,1,1,2,0,0,0
0,16,2,0,1195,0,1,2,1,0,4,1,31,2,1,1,2,1,0,0,1
0,28,2,1,5483,4,0,3,2,0,4,1,43,2,2,1,2,1,0,0,0
0,44,2,3,5388,0,4,2,2,0,4,3,37,2,2,1,2,1,0,0,0
1,19,2,3,4151,0,2,2,2,0,2,2,32,2,1,2,2,2,0,0,1
3,9,2,3,2144,0,1,1,1,0,2,0,23,2,1,1,2,1,0,0,0
0,12,2,0,1294,4,2,2,1,0,1,2,24,2,0,1,2,1,0,0,1
0,36,2,1,5492,0,4,2,2,0,3,3,41,2,2,1,2,1,1,0,0
1,21,2,9,4663,0,1,2,2,0,3,1,29,2,1,1,3,1,0,0,1
3,10,4,4,1528,4,4,3,2,0,3,0,62,2,1,2,2,1,0,0,0
3,25,2,3,3076,4,4,2,2,0,2,2,38,2,1,2,2,2,1,0,0
0,31,2,3,2388,0,1,3,2,0,1,0,33,2,1,1,2,1,0,0,1
3,24,2,1,2827,4,2,4,2,0,3,0,24,2,1,1,2,1,0,0,0
1,46,2,1,4790,0,3,3,2,0,3,1,25,2,1,1,3,1,0,0,0
3,21,2,3,1251,0,1,3,2,0,2,1,27,2,1,1,2,1,0,0,0
3,7,2,0,667,0,3,3,1,0,3,0,43,2,1,1,1,1,1,0,0
3,16,2,0,5316,4,4,1,2,0,4,3,35,2,1,1,2,1,0,0,0
3,25,2,0,3508,0,3,2,1,0,2,2,37,2,1,1,2,1,0,0,0
3,47,3,0,12180,4,3,2,2,0,2,2,47,2,1,1,3,1,1,0,0
3,46,3,3,7636,4,4,3,1,0,2,3,45,2,1,2,2,1,1,0,0
3,12,2,4,1421,1,3,3,2,0,3,0,55,2,1,1,2,1,0,0,0
3,18,2,4,7236,0,0,1,2,0,3,2,37,0,1,2,3,1,1,0,0
3,11,2,3,1287,0,2,4,1,0,1,1,21,2,1,1,2,1,0,0,0
3,10,2,4,2133,0,2,4,2,0,4,0,49,2,1,2,2,1,0,0,0
1,18,2,3,2990,0,2,2,1,0,2,2,28,2,1,1,2,1,0,0,0
3,14,4,1,1797,0,1,3,2,0,1,1,26,2,1,2,1,1,0,0,0
3,10,2,4,2694,0,2,1,2,0,2,0,30,2,1,1,1,1,0,0,0
3,41,3,0,11906,4,3,2,2,0,2,2,37,2,1,1,3,1,1,0,0
1,34,0,9,4213,0,2,3,2,0,2,2,27,2,1,1,2,1,0,0,1
0,12,2,3,1643,0,4,2,2,0,3,0,52,2,1,1,2,1,0,0,0
3,21,4,4,1534,3,2,3,1,0,3,2,37,2,1,1,2,1,1,0,0
3,11,4,3,1933,0,4,1,2,0,2,0,26,2,1,1,2,1,1,0,0
3,22,4,1,3358,0,4,3,2,0,3,1,32,2,1,1,2,1,1,0,0
3,21,2,3,1543,0,2,3,2,0,3,1,23,2,1,1,2,1,0,0,1
3,13,2,4,2689,0,1,1,2,0,3,1,27,2,1,1,1,1,0,0,0
1,19,2,4,1309,0,4,4,2,0,3,2,32,2,1,1,2,1,0,0,0
3,24,2,3,3754,0,1,3,2,0,4,2,49,2,1,1,2,1,0,0,0
3,50,4,9,6540,0,2,4,2,0,3,3,32,2,2,1,3,1,1,0,0
3,20,2,4,2053,0,2,4,3,0,1,2,33,2,1,1,2,1,0,0,0
0,21,4,0,2183,4,3,2,2,0,4,2,34,2,1,1,2,1,0,0,0
3,6,4,0,1232,0,2,1,2,0,1,0,27,2,1,2,2,1,0,0,0
3,18,4,4,1819,0,1,2,2,0,2,2,29,2,1,1,2,1,0,0,0
1,40,2,0,14264,0,4,4,2,0,2,3,51,2,1,1,3,1,1,0,1
3,23,4,1,6397,0,4,1,2,0,1,2,33,2,1,1,3,1,1,0,0
1,12,2,4,2114,0,2,2,2,0,2,0,41,2,1,1,1,2,0,0,0
3,17,2,4,1506,0,2,4,2,0,2,0,30,2,1,1,2,1,0,0,0
1,7,2,0,937,0,3,1,1,0,1,2,30,2,1,1,2,1,0,0,1
3,15,2,3,1474,0,1,4,2,0,3,0,34,2,1,2,2,1,1,0,0
3,10,4,0,7295,0,2,1,2,0,4,1,65,2,1,1,1,1,0,0,0
1,30,4,9,6304,0,4,2,2,0,2,0,38,2,1,1,2,1,0,0,0
3,17,2,4,2389,0,2,4,2,0,1,2,29,2,1,1,2,1,0,0,0
0,11,2,3,2125,0,2,3,2,0,2,0,28,2,0,2,2,1,0,0,0
3,48,2,0,7410,0,2,1,2,0,1,1,32,2,1,1,2,1,0,0,0
3,12,2,0,2134,0,2,3,2,0,3,0,48,2,1,1,2,1,0,0,0
3,12,4,4,1158,0,2,3,2,0,1,0,28,2,1,1,1,1,0,0,0
1,33,3,9,4345,0,2,3,1,0,2,2,30,2,1,1,3,1,0,0,1
1,6,4,4,608,0,1,3,3,0,3,0,36,2,1,1,1,1,0,0,0
2,8,4,4,1343,0,4,2,2,0,3,1,44,2,1,2,2,2,0,0,0
3,16,4,4,2733,0,4,3,2,0,2,2,34,2,1,2,2,1,0,0,0
0,12,2,4,762,0,0,4,1,0,2,0,26,2,1,1,1,1,0,0,1
3,48,4,4,3566,4,4,4,2,0,1,2,31,2,1,1,2,1,0,0,0
0,7,4,0,1873,0,2,3,3,0,3,1,37,2,1,2,3,1,1,0,0
3,12,2,4,1916,0,2,3,2,0,3,2,35,2,1,1,2,1,1,0,0
3,6,4,4,1236,4,4,2,2,0,4,1,49,2,1,1,2,1,0,0,0
3,22,2,4,1250,0,3,3,2,0,2,1,27,2,1,1,2,1,1,0,0
3,14,2,3,1530,0,3,4,1,0,2,2,31,2,1,1,2,1,1,0,0
1,49,3,4,12383,4,3,3,2,0,4,2,39,2,1,1,3,1,1,0,0
0,24,2,3,3575,0,4,2,2,0,4,2,28,2,1,1,2,1,0,0,1
3,12,2,1,4674,0,2,1,2,0,3,2,20,2,1,1,1,1,1,0,0
3,15,2,4,3370,0,2,2,2,0,3,2,24,2,1,1,2,1,0,0,0
1,8,2,9,1413,0,2,3,2,0,2,0,33,2,1,1,1,1,1,0,0
3,22,2,0,3155,4,2,4,1,0,2,2,34,2,1,1,2,1,0,0,0
3,22,2,3,3759,0,1,3,2,0,3,0,46,2,1,1,2,1,0,0,0
0,23,2,4,1375,0,3,4,2,0,1,1,28,2,1,1,1,1,1,0,0
3,14,4,1,6058,0,4,1,2,0,2,2,31,2,1,1,2,1,1,0,0
3,15,4,1,3859,0,4,1,0,0,4,2,66,2,1,1,3,1,1,0,0
0,12,2,4,387,0,4,3,1,0,3,1,56,2,1,3,2,1,1,0,0
3,21,2,3,2200,4,4,4,2,0,3,0,38,2,1,1,2,1,0,0,0
3,46,4,4,3569,4,4,4,2,0,2,2,29,2,1,1,2,1,0,0,0
1,42,2,1,11315,0,2,2,2,0,3,2,24,0,0,2,2,1,1,0,1
3,17,2,4,2052,0,2,3,3,0,1,2,32,2,1,1,2,1,0,0,0
1,47,2,1,10972,0,2,1,1,0,2,2,27,0,1,2,3,1,1,0,1
3,10,2,4,2093,0,2,1,3,0,3,2,23,2,1,1,2,1,0,0,0
0,6,4,4,1873,0,2,4,3,0,4,1,36,2,1,2,2,1,1,0,0
1,6,2,4,506,0,4,3,2,0,1,0,27,2,1,1,2,1,0,0,0
2,8,2,0,1366,0,4,3,1,0,3,0,62,2,1,1,2,1,1,0,0
1,6,2,4,494,0,4,3,2,0,2,0,28,2,1,1,2,1,0,0,0
3,11,2,4,754,0,2,4,2,0,3,0,38,2,1,1,1,1,0,0,0
2,12,2,3,3016,0,3,2,2,0,1,2,34,2,1,1,2,1,0,0,0
3,9,2,4,897,0,2,3,1,0,2,1,36,2,1,1,2,1,0,0,0
3,23,4,4,5082,0,3,1,2,0,4,2,42,2,1,1,2,1,1,0,0
3,24,3,3,936,0,3,4,1,0,2,1,27,2,1,1,2,1,0,0,0
1,12,2,0,2002,0,3,3,2,0,4,1,30,2,1,1,2,1,1,0,0
1,30,4,4,2347,0,4,3,2,0,2,1,41,2,1,2,2,1,0,0,0
0,15,2,3,1052,0,1,4,1,0,1,1,27,2,1,1,2,1,0,0,0
3,17,2,0,3204,4,2,1,1,0,3,2,23,2,1,1,3,1,1,0,0
0,29,2,2,11960,0,2,1,2,0,1,2,33,2,1,1,3,1,1,0,1
3,24,2,6,5215,4,4,3,2,0,4,3,45,2,1,3,2,1,0,0,0
2,16,4,0,2248,0,2,3,1,0,2,2,31,2,1,1,2,1,0,0,0
3,16,2,4,2293,0,3,3,2,0,4,2,22,2,1,1,2,1,0,0,0
0,19,4,3,2172,0,2,4,3,0,2,2,29,2,1,1,2,1,0,0,1
3,15,2,0,1961,0,4,3,1,0,2,2,26,2,1,1,2,1,0,0,0
3,28,4,4,4527,0,2,4,2,0,2,2,29,2,1,1,2,1,0,0,0
0,36,3,4,4456,0,2,2,2,0,2,1,29,2,1,2,2,1,1,0,1
1,24,2,3,4039,4,3,2,2,0,3,2,40,2,1,1,2,1,1,0,0
0,12,2,4,706,0,2,4,2,0,2,0,30,2,1,1,2,1,0,0,0
3,11,2,9,1573,1,4,2,1,0,1,2,20,2,1,1,1,1,0,0,0
1,18,2,4,1054,0,1,4,2,0,1,0,28,2,1,1,2,1,0,0,0
0,12,2,9,1082,0,4,4,2,0,4,2,47,2,1,1,2,1,0,0,1
3,15,2,4,1522,0,2,4,1,0,2,2,26,2,1,1,2,1,0,0,0
3,23,4,3,1585,3,3,4,2,0,3,1,39,2,1,2,2,1,0,0,0
3,12,2,0,1540,0,2,2,2,0,3,0,35,2,1,1,1,1,0,0,0
0,12,4,3,1858,0,3,4,2,0,1,1,27,2,1,1,3,1,1,0,0
3,11,2,4,1949,0,3,1,2,0,4,2,33,2,1,1,3,1,1,0,0
3,24,2,1,7876,0,3,2,2,0,3,2,34,0,1,1,2,1,0,0,0
0,6,4,0,2111,0,2,2,2,0,2,0,33,2,1,1,2,1,0,0,0
3,21,2,0,2028,0,3,2,2,0,2,2,30,2,1,1,2,1,1,0,0
2,9,2,0,1336,0,2,3,2,0,1,0,33,2,1,1,1,1,0,0,1
0,11,2,0,890,0,2,4,1,0,3,2,40,2,1,1,2,1,0,0,1
3,25,2,9,6584,0,2,4,2,0,2,3,29,2,2,1,3,1,1,0,0
3,24,4,3,4527,0,0,2,2,0,2,2,72,2,1,1,2,1,0,0,0
3,20,4,3,1589,0,3,4,2,0,3,0,35,2,1,2,2,1,0,0,0
3,8,4,4,1539,0,4,1,2,0,2,0,49,2,1,1,2,1,0,0,0
3,41,3,1,8528,4,2,3,1,0,1,2,41,2,1,1,2,1,0,0,0
3,36,2,1,7911,0,3,2,2,0,3,1,39,0,1,1,2,1,0,0,0
3,22,2,4,3069,4,4,3,2,0,4,0,31,2,1,1,2,1,0,0,0
0,19,3,9,4373,0,2,2,2,0,4,1,38,2,1,1,1,1,0,0,0
3,17,2,0,1981,0,4,4,2,0,2,2,23,2,1,1,2,1,1,0,0
0,13,2,7,732,0,0,4,1,0,2,0,31,2,1,1,1,1,0,0,1
3,18,4,4,1472,0,2,3,3,0,4,0,39,2,1,1,2,1,1,0,0
3,25,4,1,2451,4,4,4,2,0,4,1,43,2,1,3,2,1,1,0,0
3,12,4,4,1802,0,2,3,1,0,4,1,44,2,1,1,2,1,0,0,0
0,24,2,1,2917,0,4,2,2,0,2,3,49,2,1,1,2,1,1,0,0
3,18,2,4,3114,4,1,2,2,0,2,2,36,2,1,2,2,1,1,0,0
1,12,2,4,1102,0,2,3,2,0,2,0,28,2,1,2,1,1,1,0,0
0,27,2,0,4002,0,3,2,1,0,2,2,43,2,1,1,2,1,1,0,1
3,24,2,4,1376,0,2,4,2,0,1,0,33,2,1,1,2,1,1,0,0
3,16,2,8,927,0,0,2,1,0,2,1,35,2,1,1,1,1,0,0,0
3,30,2,3,4003,4,3,2,2,0,2,1,28,2,1,1,2,1,1,0,0
1,6,4,4,589,0,1,3,1,0,3,0,26,2,1,1,2,1,0,0,0
2,12,2,3,3017,0,2,2,2,0,1,2,33,2,1,1,2,1,0,0,0
3,17,4,1,2443,4,4,2,2,0,4,1,32,2,1,2,2,1,1,0,0
0,16,2,3,2240,0,3,2,2,0,2,2,48,2,1,1,2,1,0,0,0
3,9,4,9,1390,0,2,2,1,0,1,0,26,2,1,1,2,1,1,0,0
3,40,3,3,7659,4,4,2,1,0,3,2,42,2,1,2,2,1,1,0,0
3,10,2,3,3075,4,4,1,2,0,3,3,45,2,1,1,2,1,1,0,0
3,24,2,1,2760,0,4,3,2,0,3,2,35,2,1,1,2,1,0,0,0
0,9,2,4,700,0,2,4,2,0,2,0,38,2,1,1,1,1,0,0,0
3,27,3,3,4192,1,2,2,2,0,1,1,30,2,1,2,2,1,0,0,0
1,9,2,4,530,0,4,3,2,0,1,0,37,2,1,1,2,1,0,0,0
3,13,4,3,1593,0,4,3,2,0,2,2,34,2,1,1,2,1,0,0,0
3,22,2,1,3847,0,4,2,1,0,4,2,48,2,1,1,3,1,1,0,0
3,24,2,4,2594,0,2,2,2,0,3,2,30,2,1,1,2,1,0,0,0
3,15,4,9,1434,0,3,3,1,0,4,2,51,2,1,1,2,1,0,0,0
3,19,2,1,2898,0,4,3,2,0,3,0,38,2,1,1,2,1,0,0,0
3,12,2,0,2248,0,2,1,2,0,2,2,39,2,1,1,1,1,0,0,0
3,20,2,8,929,0,0,3,1,0,2,1,32,2,1,1,1,1,0,0,0
3,47,3,0,8491,4,3,1,1,0,2,2,24,2,1,1,2,1,0,0,0
3,26,4,9,2437,0,2,4,2,0,4,2,45,2,1,3,2,1,0,0,0
1,29,2,1,3241,0,0,2,2,0,2,2,32,2,1,1,3,1,1,0,0
1,11,2,0,1318,0,4,4,2,0,4,0,53,2,1,1,2,1,0,0,0
3,23,4,0,2482,2,4,4,2,0,3,1,44,1,1,1,2,1,1,0,0
3,22,2,3,3761,3,1,1,1,0,3,2,25,2,1,1,2,1,0,0,0
0,19,2,4,3169,0,1,2,1,0,1,1,24,2,0,1,2,1,0,0,1
3,18,4,7,2023,0,3,4,2,0,3,2,60,2,1,1,2,1,0,0,0
3,13,4,4,1469,0,3,3,2,0,3,2,35,2,1,2,2,1,0,0,0
0,9,2,4,1977,0,1,2,2,0,2,0,19,2,1,2,2,1,0,0,1
3,12,2,0,769,0,2,4,2,0,1,0,26,2,1,1,1,1,0,0,0
0,21,2,0,1216,0,1,4,1,0,3,0,31,2,0,1,2,1,1,0,1
3,21,2,4,4468,0,2,2,2,0,1,2,32,2,1,1,1,1,1,0,0
3,19,2,3,3595,0,2,1,1,0,3,1,30,2,1,1,1,1,0,0,0
1,21,2,0,1250,0,2,3,1,0,2,0,23,2,1,1,2,1,0,0,1
3,24,2,9,1265,0,1,3,2,0,2,1,29,2,1,1,2,1,0,0,0
1,15,2,0,891,0,4,4,1,0,4,2,29,0,1,1,2,1,0,0,1
3,10,2,3,2287,0,1,3,1,0,4,2,31,2,1,1,2,1,0,0,0
0,6,2,0,1344,0,2,1,2,0,4,0,43,2,1,1,2,2,0,0,0
3,15,2,4,3189,4,1,1,1,0,3,1,20,2,1,1,2,1,0,0,0
1,54,2,9,15790,0,2,3,2,0,4,2,58,2,1,1,2,1,1,0,1
3,24,2,4,1377,1,2,4,2,0,1,0,27,2,1,1,2,1,1,0,0
0,51,4,3,6317,0,4,4,2,0,4,3,44,2,0,1,2,1,1,0,1
3,14,2,4,3435,0,4,4,2,0,3,2,40,2,1,1,2,2,1,0,0
3,24,2,4,3064,4,2,4,2,0,3,0,31,2,1,1,2,1,0,0,0
0,13,2,0,1274,0,2,3,1,0,1,2,28,2,0,1,2,1,0,0,1
0,7,2,4,659,0,1,3,3,0,4,0,36,2,1,1,1,1,1,0,0
3,25,2,0,2518,0,4,1,2,0,3,1,41,2,1,1,2,1,0,0,0
3,23,4,0,2463,2,4,4,2,0,4,1,44,1,1,2,2,1,1,0,0
0,26,2,1,6574,0,0,4,2,0,2,2,29,2,1,1,3,1,1,0,0
3,16,2,0,3198,4,2,1,1,0,3,2,22,2,1,1,2,1,1,0,0
3,9,2,4,3399,0,2,1,2,0,3,2,37,2,1,1,2,1,0,0,0
3,8,4,0,1209,0,2,3,2,0,3,0,25,2,1,1,2,1,0,0,0
2,12,2,4,3016,0,2,3,2,0,1,2,32,2,1,1,2,1,0,0,0
0,31,2,3,3355,0,4,3,2,0,2,1,29,2,2,1,2,1,1,0,1
0,11,4,0,2120,0,2,3,2,0,2,0,31,2,0,1,2,1,0,0,0
1,16,2,0,906,0,2,4,3,0,2,1,25,2,1,1,2,1,0,0,1
3,26,4,0,6309,0,4,2,2,0,3,0,39,2,1,1,3,1,1,0,0
1,18,2,3,1301,0,4,4,3,0,2,0,31,2,1,1,2,1,0,0,0
3,25,4,4,5103,0,4,2,2,0,4,2,32,2,1,1,2,1,1,0,0
0,16,1,3,1551,0,2,4,2,0,4,1,42,0,1,1,2,1,0,0,1
3,17,2,9,1568,3,2,3,1,0,4,0,25,2,1,1,2,1,0,0,0
3,7,2,4,604,0,1,4,1,0,3,0,33,2,1,2,1,1,0,0,0
3,17,2,4,2589,0,2,2,2,0,2,2,35,2,1,1,2,1,0,0,0
3,18,2,0,5299,0,4,1,2,0,3,3,35,2,1,2,2,1,1,0,0
3,43,3,1,8891,4,2,2,2,0,1,2,33,2,1,1,3,1,1,0,0
3,17,4,9,1795,0,2,3,2,0,3,1,44,2,1,2,2,1,0,0,0
0,13,4,0,1216,0,2,3,2,0,2,1,43,2,1,1,2,1,1,0,0
3,33,2,6,2611,0,2,4,2,0,2,2,27,2,1,1,2,1,0,0,0
1,11,2,4,516,0,2,3,3,0,3,0,39,2,1,1,2,1,0,0,0
1,16,4,4,1884,0,2,4,3,0,4,2,29,2,1,2,3,1,1,0,0
3,25,2,3,3076,4,4,2,2,0,2,3,38,2,1,2,2,2,1,0,0
3,10,4,0,932,4,3,2,2,0,2,0,46,2,1,1,2,1,0,0,0
3,6,2,8,931,4,3,1,1,0,2,2,38,2,1,1,2,1,0,0,0
3,17,2,0,1167,0,2,3,3,0,2,0,28,2,1,1,2,1,0,0,0
3,47,3,0,12192,4,3,2,2,0,2,2,47,2,1,1,3,1,1,0,0
3,19,4,4,1532,3,2,4,1,0,3,2,34,2,1,1,2,1,1,0,0
3,18,2,4,2897,0,1,3,2,0,4,3,42,2,2,1,2,2,0,0,0
3,16,4,3,2029,0,2,4,2,0,2,2,42,2,1,1,2,1,0,0,0
1,14,2,3,3972,0,3,1,2,0,3,1,22,2,1,1,2,1,1,0,0
1,6,2,0,14886,0,4,1,2,0,3,2,67,2,1,1,2,1,1,0,1
0,14,2,0,1275,4,2,3,1,0,1,2,24,2,0,1,2,1,0,0,1
0,34,3,9,8164,0,4,2,2,0,3,2,43,2,1,3,2,1,1,0,1
0,10,2,3,3393,0,1,1,2,0,3,1,38,2,1,1,2,1,1,0,1
1,19,2,3,2745,4,4,2,2,0,2,2,35,2,1,2,2,1,1,0,0
3,24,2,4,3396,0,2,2,2,0,4,1,51,2,1,2,2,1,0,0,0
3,16,2,1,3849,0,4,2,1,0,3,2,52,2,1,1,3,1,1,0,0
3,48,3,0,12329,4,3,4,2,0,3,2,36,2,1,1,3,1,1,0,0
3,13,2,4,878,4,1,4,1,0,2,0,23,2,1,1,2,1,0,0,0
0,13,2,4,1960,0,3,4,2,0,1,2,31,2,1,2,3,1,1,0,0
1,28,2,3,3018,0,3,3,1,0,3,2,40,2,1,1,2,1,0,0,0
1,25,2,3,4036,4,3,3,2,0,3,2,41,2,1,1,2,1,1,0,0
3,18,2,4,1753,0,4,3,2,0,1,0,23,2,1,1,1,1,0,0,0
3,10,2,4,512,0,4,3,2,0,3,1,38,2,1,1,2,1,0,0,0
0,14,2,0,903,0,2,4,3,0,2,1,24,2,1,1,2,1,0,0,1
3,21,2,4,1534,0,1,4,2,0,3,2,41,2,1,1,2,1,0,0,0
1,12,2,4,985,3,4,1,2,0,4,0,19,2,1,1,2,1,0,0,0
0,33,4,1,6279,0,4,4,2,0,3,3,38,2,2,2,2,1,0,0,1
3,24,2,0,1552,0,2,3,2,0,1,1,28,2,1,1,1,1,0,0,0
3,14,4,9,2438,0,4,2,2,0,3,1,32,2,1,1,2,1,0,0,0
3,31,4,1,5723,3,3,3,2,0,2,2,32,2,1,2,2,1,1,0,0
3,13,4,3,971,0,1,2,2,0,2,0,24,2,1,1,1,1,0,0,0
3,24,2,0,1275,0,3,2,1,0,4,1,36,2,1,2,2,1,1,0,0
3,12,2,4,706,0,2,2,2,0,2,0,38,2,1,1,2,1,0,0,0
3,19,2,1,2780,0,2,1,1,0,2,2,24,2,1,1,2,1,1,0,0
3,12,2,8,926,0,3,1,1,0,2,1,37,2,1,1,2,1,0,0,0
3,39,2,0,9718,0,1,3,2,0,3,2,24,2,1,1,2,1,1,0,1
3,34,4,1,5835,0,2,2,2,0,2,2,33,2,1,2,2,1,1,0,0
0,28,2,4,1838,0,2,3,2,0,3,3,29,2,2,1,2,1,1,0,1
3,13,3,4,7189,0,2,1,2,0,4,2,38,2,0,2,2,1,1,0,0
3,14,4,4,709,0,4,2,2,0,3,0,40,2,1,1,1,1,0,0,0
3,10,2,4,1546,0,2,3,1,0,2,2,30,2,1,1,2,1,0,0,0
3,12,2,4,1090,0,2,3,2,0,3,0,47,2,1,1,2,1,0,0,0
1,18,2,4,1051,0,1,4,2,0,2,0,25,2,1,1,2,1,0,0,0
3,12,2,4,1527,0,3,4,2,0,4,2,63,2,1,2,2,1,0,0,0
3,10,2,4,892,0,2,3,1,0,3,1,24,2,1,1,2,1,0,0,0
3,7,2,4,2076,0,2,1,3,0,1,0,24,2,1,1,2,1,0,0,0
3,46,2,9,3578,0,4,3,2,0,1,2,46,2,1,1,2,1,0,0,0
1,22,4,3,3615,0,4,3,2,0,4,1,44,2,1,1,2,1,0,0,0
3,10,4,3,1927,0,4,1,2,0,3,0,33,2,1,1,2,1,1,0,0
0,20,2,0,4693,0,4,2,2,0,3,1,30,2,1,1,2,1,1,0,1
3,24,2,0,3489,0,2,3,2,0,3,2,24,2,1,1,2,1,1,0,0
3,24,2,0,4795,0,0,2,2,0,3,1,29,2,1,1,3,1,1,0,1
0,14,4,0,2186,0,2,3,3,0,2,3,26,2,1,1,2,1,0,0,1
3,7,4,8,1236,4,4,2,2,0,3,1,47,2,1,1,1,1,0,0,0
1,6,4,3,1066,0,1,4,2,0,3,1,27,2,1,1,2,1,0,0,0
0,10,2,4,638,0,2,4,3,0,3,2,25,2,1,1,1,1,0,0,1
3,6,2,7,1234,4,2,2,2,0,3,1,48,2,1,1,2,1,1,0,0
1,19,4,4,1926,0,1,4,2,0,3,1,27,2,1,1,2,1,0,0,1
0,26,2,3,2427,0,1,4,2,0,4,2,30,2,1,1,2,1,0,0,1
3,24,2,3,3069,4,2,4,2,0,4,0,30,2,1,1,2,1,0,0,0
3,24,2,0,3764,0,1,4,1,0,4,3,57,2,1,1,2,1,0,0,0
0,35,2,9,3808,0,2,4,2,0,1,3,41,2,1,1,2,1,0,0,1
0,35,2,7,1841,0,2,4,1,0,4,3,27,1,1,1,2,1,1,0,1
0,36,2,0,9613,0,3,3,2,0,4,2,24,2,1,1,2,1,1,0,1
1,28,4,1,6092,0,3,1,2,0,2,2,31,2,1,1,2,1,1,0,0
3,19,2,9,2614,0,2,4,2,0,4,2,31,2,1,1,2,1,0,0,0
1,35,2,2,11871,0,2,2,1,0,3,2,33,2,1,2,3,1,1,0,1
3,9,2,0,1299,4,4,2,2,0,2,0,63,2,1,2,2,2,0,0,0
3,33,2,4,4484,0,2,3,2,0,2,1,30,2,1,2,3,1,1,0,1
1,11,2,9,2639,1,2,2,2,0,3,2,37,2,1,1,2,1,0,0,0
0,24,2,3,3136,0,1,4,1,0,1,1,28,2,0,1,2,1,0,0,1
3,21,2,0,3760,0,4,2,2,0,2,0,24,2,1,1,2,1,1,0,0
1,24,4,0,5939,0,3,1,2,0,2,2,30,2,1,2,2,1,0,0,0
1,12,2,4,781,0,4,4,2,0,3,1,59,2,1,1,1,1,0,0,1
1,23,0,9,4111,0,2,2,2,0,3,2,23,2,1,1,2,1,0,0,1
1,21,4,9,2422,0,2,3,2,0,3,2,50,2,1,1,2,1,0,0,0
1,38,2,3,4011,4,3,3,2,0,2,2,31,2,1,1,2,1,1,0,0
3,24,2,4,1925,0,2,2,3,0,2,2,26,2,1,1,2,1,1,0,0
1,10,2,4,771,0,2,4,1,0,2,0,32,2,1,1,2,1,0,0,0
3,23,2,4,2603,0,2,2,2,0,4,2,28,2,1,1,2,1,0,0,0
1,6,4,4,607,0,1,1,3,0,2,0,23,2,1,1,2,1,0,0,0
2,30,4,0,2308,0,1,3,1,0,3,2,29,2,1,1,2,1,0,0,1
1,40,2,0,14219,0,4,2,2,0,2,3,25,2,1,1,3,1,1,0,1
3,12,2,0,3528,0,3,2,2,0,2,2,43,2,1,1,2,1,0,0,0
3,27,2,3,2179,4,3,4,2,0,4,2,36,0,1,2,2,1,0,0,0
3,18,4,4,2621,0,2,3,2,0,4,2,33,2,1,1,2,1,0,0,0
3,18,4,1,3871,0,4,1,0,0,3,2,66,2,1,1,2,1,1,0,0
0,35,2,0,6860,0,2,2,2,0,1,1,57,2,1,1,2,1,1,0,1
3,18,2,4,2290,0,2,3,2,0,4,2,22,2,1,1,2,1,1,0,0
3,18,4,4,1819,0,1,2,2,0,2,1,29,2,1,1,2,1,0,0,0
3,24,2,3,3767,0,1,4,1,0,4,3,55,2,1,1,2,1,0,0,0
3,13,4,9,1405,0,2,2,1,0,3,0,29,2,1,1,3,1,1,0,0
3,48,2,4,9369,4,2,1,2,0,2,3,45,2,2,1,1,1,0,0,0
3,7,2,4,1493,0,2,2,2,0,2,0,31,2,1,1,2,2,0,0,0
0,6,2,0,1345,0,2,1,2,0,4,0,42,2,1,1,2,2,0,0,0
1,9,2,4,1082,0,2,4,2,0,4,0,27,2,1,2,2,1,1,0,0
1,33,4,1,7697,4,4,2,2,0,4,3,37,2,1,1,2,1,0,0,0
3,16,2,0,3514,0,3,2,2,0,3,2,33,2,1,1,2,1,1,0,0
3,18,2,3,1607,0,3,3,1,0,3,2,30,2,1,1,2,1,0,0,0
3,24,2,3,1754,0,4,4,2,0,3,0,57,2,1,1,1,1,0,0,0
3,18,4,3,2050,0,2,4,2,0,1,2,33,2,1,1,2,1,0,0,0
3,22,2,9,2456,4,4,4,2,0,2,0,29,2,1,2,2,1,1,0,0
3,17,4,4,1238,2,4,3,1,0,4,1,60,2,0,1,1,1,0,0,0
0,12,2,0,1280,1,2,2,1,0,3,2,20,2,0,1,2,1,0,0,1
3,15,4,4,1525,0,4,4,2,0,4,0,58,2,1,1,2,1,0,0,0
3,10,2,4,2145,0,1,1,1,0,2,0,23,2,1,1,2,1,0,0,0
3,12,2,3,1402,0,4,2,2,0,4,0,37,2,1,1,2,1,1,0,0
1,7,4,4,1868,0,2,4,3,0,3,2,35,2,1,2,3,1,1,0,0
3,6,2,4,1745,0,4,1,2,0,2,1,37,2,1,1,1,1,0,0,0
3,9,2,1,2980,4,2,1,2,0,2,0,30,2,1,1,2,1,0,0,0
3,16,2,0,1888,0,2,3,2,0,3,2,28,2,1,2,3,1,1,0,0
1,21,2,3,2990,0,4,3,2,0,2,2,28,2,1,2,2,1,0,0,0
3,12,2,0,1903,0,2,3,2,0,3,2,38,2,1,1,3,1,1,0,0
3,12,2,3,2247,0,2,2,2,0,2,2,35,2,1,1,2,1,0,0,0
0,24,4,3,3629,0,4,1,2,0,4,2,21,2,0,1,2,1,0,0,0
0,6,4,4,339,0,4,4,1,0,4,2,52,2,1,2,1,1,0,0,0
3,15,4,3,1842,0,2,4,1,0,1,1,46,2,1,1,2,1,0,0,0
0,10,4,3,2120,0,2,2,2,0,2,0,38,2,0,1,2,2,0,0,0
2,12,2,4,400,0,1,4,1,0,4,1,27,2,1,1,2,1,0,0,0
3,14,4,4,724,0,4,4,2,0,4,0,48,2,1,1,1,1,0,0,0
3,7,3,1,4736,0,2,1,2,0,3,1,46,2,1,1,2,1,1,0,0
3,19,2,4,1221,2,2,4,2,0,3,1,51,2,1,1,2,1,1,0,0
0,19,2,4,2492,0,2,4,2,0,1,0,31,2,1,1,2,1,0,0,1
3,11,2,0,3398,0,3,1,2,0,3,0,37,2,1,1,2,1,0,0,0
3,26,2,4,5187,0,4,4,2,0,4,2,47,2,1,3,2,1,1,0,0
1,12,4,4,1876,0,2,4,2,0,2,2,33,2,1,2,3,1,1,0,0
0,17,2,3,3646,0,2,1,1,0,3,2,27,2,1,2,2,1,0,0,0
3,21,2,0,3510,0,3,2,2,0,2,2,31,2,1,1,2,1,1,0,0
3,10,4,4,1464,0,3,3,2,0,2,2,37,2,1,2,2,1,0,0,0
3,11,4,0,930,4,3,4,2,0,3,1,64,2,1,3,1,1,0,0,0
3,36,2,0,10922,0,4,2,2,0,2,3,40,2,1,1,2,1,1,0,0
3,24,4,1,6333,0,4,2,2,0,3,3,39,2,1,1,3,1,1,0,0
3,16,4,4,1813,0,2,3,2,0,2,1,31,2,1,1,2,1,0,0,0
3,17,2,4,3421,0,4,3,2,0,4,1,46,2,1,2,2,1,0,0,0
3,45,2,1,8384,4,2,1,1,0,1,2,29,2,1,2,2,1,0,0,0
3,24,2,9,6313,0,4,3,2,0,2,0,30,2,1,1,2,1,0,0,0
1,22,2,3,4618,0,1,3,2,0,2,1,36,2,1,1,2,1,0,0,1
3,48,2,3,10159,0,3,2,2,0,2,2,43,2,1,1,2,1,1,0,1
3,24,2,3,2992,0,2,2,1,0,2,2,26,2,1,1,2,1,0,0,0
