existingchecking,duration,credithistory,purpose,creditamount,savings,employmentsince,installmentrate,statussex,otherdebtors,residencesince,property,age,otherinstallmentplans,housing,existingcredits,job,peopleliable,telephone,foreignworker,classification,datasetType
0,9,2,4,1977,0,1,2,2,0,2,0,19,2,1,2,2,1,0,0,1,1
3,17,4,4,1448,0,3,4,2,0,3,0,47,2,1,1,1,1,0,0,0,1
1,9,2,4,1320,0,1,4,1,0,3,2,29,2,0,1,2,1,0,0,1,1
1,6,1,4,461,0,2,4,1,0,3,0,23,2,1,1,2,1,0,0,1,1
3,18,4,4,1819,0,1,2,2,0,2,1,29,2,1,1,2,1,0,0,0,1
0,14,2,0,2763,0,4,1,2,0,2,1,33,0,1,1,2,1,0,0,1,1
3,18,4,4,2621,0,2,3,2,0,4,2,33,2,1,1,2,1,0,0,0,1
3,17,2,4,1506,0,2,4,2,0,2,0,30,2,1,1,2,1,0,0,0,1
3,24,2,9,1265,0,1,3,2,0,2,1,29,2,1,1,2,1,0,0,0,1
3,11,2,4,3189,4,1,1,1,0,2,1,34,2,1,1,2,1,1,0,0,1
0,11,4,3,2131,0,2,2,2,0,2,0,29,2,1,1,2,1,0,0,0,1
3,10,2,4,3572,0,2,1,1,0,1,2,29,2,1,1,2,2,0,0,0,1
3,22,4,0,2466,2,4,4,2,0,4,1,45,1,1,1,2,1,1,0,0,1
0,6,2,0,661,0,1,1,1,0,4,0,25,2,1,1,1,1,1,0,0,1
1,10,2,0,2900,1,4,1,2,0,4,2,32,2,1,1,2,1,0,0,0,1
1,12,2,4,866,0,1,3,1,0,1,0,27,2,1,1,2,1,0,0,0,1
1,40,2,3,3966,0,3,4,2,0,2,1,33,2,1,1,2,1,1,0,0,1
1,11,2,0,1318,0,4,4,2,0,4,0,53,2,1,1,2,1,0,0,0,1
3,12,2,4,3184,4,2,1,1,0,2,2,35,2,1,1,2,1,0,0,0,1
0,6,2,4,339,0,4,4,1,0,2,2,43,2,1,1,1,1,0,0,0,1
0,16,2,0,1195,0,1,2,1,0,4,1,31,2,1,1,2,1,0,0,1,1
0,44,2,0,7735,0,4,3,1,0,4,3,42,2,0,1,3,1,0,0,1,1
3,12,4,4,1892,0,2,4,2,0,4,2,28,2,1,1,3,1,1,0,0,1
3,24,2,3,1255,0,1,4,2,0,1,0,25,2,1,1,2,1,0,0,0,1
3,9,2,4,1081,0,1,3,2,0,3,2,26,2,1,1,2,1,0,0,0,1
0,35,3,0,6759,0,2,2,2,0,2,1,46,2,1,1,2,1,1,0,1,1
1,20,2,3,1922,0,1,4,2,0,3,0,27,2,1,1,2,1,0,0,1,1
0,11,4,0,2120,0,2,3,2,0,2,0,31,2,0,1,2,1,0,0,0,1
0,15,2,0,1440,0,3,3,2,0,3,3,31,2,1,1,2,1,0,0,1,1
3,23,4,1,6397,0,4,1,2,0,1,2,33,2,1,1,3,1,1,0,0,1
3,11,2,9,1950,0,3,2,2,0,3,2,32,2,1,1,3,1,1,0,0,1
3,22,2,9,1554,1,2,3,2,0,1,0,30,2,1,1,2,1,0,0,0,1
3,9,4,9,3576,0,2,1,2,0,2,1,26,2,1,1,1,1,0,0,0,1
3,46,4,4,3569,4,4,4,2,0,2,2,29,2,1,1,2,1,0,0,0,1
3,13,2,0,804,0,2,4,1,0,4,0,32,2,1,1,1,1,0,0,0,1
3,24,4,1,3870,0,2,4,2,0,2,2,40,2,1,1,2,1,0,0,0,1
1,12,2,4,781,0,4,4,2,0,3,1,59,2,1,1,1,1,0,0,1,1
0,11,2,7,719,0,0,3,1,0,3,0,40,2,1,1,2,1,0,0,1,1
3,37,2,1,8168,4,2,1,1,0,1,2,30,2,1,1,2,1,0,0,0,1
0,13,2,0,1274,4,2,2,1,0,3,2,22,2,0,1,2,1,0,0,1,1
0,35,2,9,3808,0,2,4,2,0,1,3,41,2,1,1,2,1,0,0,1,1
3,18,4,1,3871,0,4,1,0,0,3,2,66,2,1,1,2,1,1,0,0,1
3,47,3,0,8491,4,3,1,1,0,2,2,24,2,1,1,2,1,0,0,0,1
1,25,2,3,3016,0,2,3,1,0,3,0,41,2,0,1,2,1,0,0,0,1
3,15,4,4,1473,0,1,3,3,0,2,0,36,2,1,1,2,1,1,0,0,1
3,11,2,0,680,0,3,3,1,0,3,0,50,2,1,1,1,1,1,0,0,1
3,23,4,4,2462,4,4,3,2,0,3,1,26,2,1,1,2,1,0,0,0,1
3,20,2,8,929,0,0,3,1,0,2,1,32,2,1,1,1,1,0,0,0,1
3,19,2,9,2517,0,4,2,2,0,2,1,26,2,1,1,2,1,0,0,0,1
0,6,4,0,257,0,2,2,1,0,2,2,35,2,1,1,1,1,0,0,0,1
1,12,4,4,1876,0,2,4,2,0,2,2,33,2,1,2,3,1,1,0,0,1
3,23,2,4,3418,0,2,3,2,0,2,2,35,2,1,1,3,1,0,0,0,1
3,32,4,3,4510,0,2,4,2,0,3,0,27,2,1,1,2,1,0,0,0,1
3,7,2,4,2083,0,2,1,2,0,2,0,23,2,1,1,2,1,0,0,0,1
3,12,2,4,706,0,2,2,2,0,2,0,38,2,1,1,2,1,0,0,0,1
3,29,2,1,2748,0,4,3,2,0,2,2,28,2,1,2,2,1,0,0,0,1
3,18,4,4,721,0,4,4,2,0,3,1,51,2,1,2,1,1,0,0,0,1
3,5,4,4,1456,0,3,2,1,0,1,2,41,2,1,2,2,1,0,0,0,1
1,48,2,3,6284,0,4,4,2,0,4,3,47,2,2,1,2,1,0,0,1,1
1,8,2,4,519,0,4,3,2,0,2,0,34,2,1,1,2,1,0,0,0,1
0,45,2,9,3906,0,2,4,2,0,3,3,45,2,1,1,2,1,0,0,1,1
1,24,4,0,5939,0,3,1,2,0,2,2,30,2,1,2,2,1,0,0,0,1
1,10,2,4,784,0,2,4,1,0,2,0,49,2,1,1,2,1,0,0,0,1
0,37,2,1,6608,0,0,4,2,0,4,3,34,2,1,1,3,1,1,0,0,1
0,12,4,3,2121,0,2,3,2,0,2,0,31,2,1,2,2,1,0,0,0,1
3,21,2,3,1543,0,2,3,2,0,3,1,23,2,1,1,2,1,0,0,1,1
3,39,2,0,10422,0,4,3,2,0,3,2,37,2,1,1,2,1,1,0,0,1
1,24,4,1,6327,0,4,3,2,0,2,3,29,2,1,2,3,1,1,0,0,1
3,47,3,0,12192,4,3,2,2,0,2,2,47,2,1,1,3,1,1,0,0,1
1,19,2,4,560,0,2,4,2,0,4,0,60,2,1,2,2,1,0,0,0,1
3,17,2,4,1256,0,3,3,2,0,2,1,26,2,1,1,2,1,1,0,0,1
1,43,4,0,5125,0,3,2,1,0,2,1,29,2,1,1,2,1,0,0,1,1
3,19,2,0,2025,0,2,4,2,0,3,3,60,2,1,1,2,1,1,0,0,1
3,21,4,3,1596,3,3,4,2,0,3,1,31,2,1,2,2,1,0,0,0,1
0,6,4,4,365,0,4,4,2,0,4,0,43,2,1,1,2,1,0,0,0,1
1,14,2,4,1058,0,4,3,3,0,2,0,26,2,1,1,2,1,0,0,0,1
0,32,2,1,4805,0,1,2,2,0,2,3,26,2,1,1,2,1,0,0,0,1
1,23,2,4,6114,0,4,4,1,0,2,3,27,2,2,1,2,1,0,0,1,1
1,41,2,4,6029,0,2,4,1,0,3,3,30,2,2,1,2,1,0,0,1,1
1,11,2,0,900,0,4,4,2,0,1,2,23,0,1,1,2,1,0,0,1,1
3,34,4,1,5835,0,2,2,2,0,2,2,33,2,1,2,2,1,1,0,0,1
3,21,2,3,2183,4,3,2,2,0,4,2,34,0,1,1,2,1,0,0,0,1
2,12,2,3,3016,0,3,2,2,0,1,2,34,2,1,1,2,1,0,0,0,1
3,13,4,4,1475,0,2,4,3,0,2,0,37,2,1,1,2,1,1,0,0,1
1,6,2,4,433,0,4,2,3,0,1,1,44,2,1,1,1,1,0,0,0,1
3,44,3,4,14580,0,3,3,2,0,4,2,27,2,1,2,3,1,1,0,0,1
3,12,2,4,726,4,4,4,2,0,4,1,49,2,1,2,2,1,1,0,0,1
3,20,2,3,2831,2,2,3,2,0,2,0,33,2,1,1,2,2,0,0,0,1
3,19,2,4,3259,2,4,1,2,0,4,2,34,2,1,1,3,1,1,0,0,1
3,17,4,4,2389,4,2,3,2,0,1,2,27,2,1,1,2,1,0,0,0,1
0,20,2,1,3643,0,2,1,1,0,4,1,22,2,1,1,2,1,0,0,0,1
1,6,2,0,2115,0,2,2,2,0,2,0,40,2,1,1,1,1,0,0,0,1
1,12,2,0,2002,0,3,3,2,0,4,1,30,2,1,1,2,1,1,0,0,1
1,21,2,0,1250,0,2,3,1,0,2,0,23,2,1,1,2,1,0,0,1,1
3,23,2,4,4489,0,2,2,2,0,1,0,32,2,1,1,1,1,1,0,0,1
1,31,2,9,6307,0,4,4,2,0,3,0,32,2,1,2,2,1,0,0,0,1
3,9,2,4,1734,0,2,1,2,0,2,0,34,2,1,1,1,1,0,0,0,1
1,27,2,0,14488,0,4,3,2,0,2,2,60,2,1,1,2,1,1,0,1,1
3,21,2,4,2217,4,3,4,2,0,4,1,45,2,1,1,2,1,0,0,0,1
3,18,4,4,1472,0,2,3,3,0,4,0,39,2,1,1,2,1,1,0,0,1
3,50,2,4,10035,4,2,1,2,0,3,2,24,2,1,1,2,1,1,0,0,1
1,34,2,3,3977,0,3,3,2,0,1,3,38,2,1,1,2,1,1,0,0,1
0,24,2,0,1357,0,3,4,1,0,2,0,39,2,1,1,2,1,0,0,1,1
3,36,2,4,2287,0,3,3,2,0,2,2,35,2,1,1,2,1,0,0,0,1
3,21,2,3,1601,0,3,4,2,0,3,1,30,2,1,2,2,1,0,0,0,1
3,51,2,1,10266,0,3,3,2,0,3,0,38,2,1,1,2,1,1,0,0,1
1,26,0,1,6192,0,2,1,2,0,4,0,30,2,1,1,2,1,1,0,0,1
0,19,3,9,4373,0,2,2,2,0,4,1,38,2,1,1,1,1,0,0,0,1
3,17,2,4,3587,0,2,2,2,0,2,2,39,2,1,2,2,2,0,0,0,1
3,13,2,4,878,4,1,4,1,0,2,0,23,2,1,1,2,1,0,0,0,1
3,13,4,3,984,4,2,1,1,0,3,0,19,2,1,1,2,1,0,0,0,1
1,30,4,4,2347,0,4,3,2,0,2,1,41,2,1,2,2,1,0,0,0,1
3,12,4,0,950,4,3,2,2,0,3,1,51,2,1,2,1,1,0,0,0,1
3,13,4,4,2068,0,2,4,3,0,1,2,28,2,1,1,2,1,0,0,0,1
3,19,2,4,1519,0,2,4,1,0,2,2,27,2,1,1,2,1,0,0,0,1
3,24,2,6,5215,4,4,3,2,0,4,3,45,2,1,3,2,1,0,0,0,1
3,31,4,1,6978,4,3,2,2,0,2,1,35,2,1,1,3,1,1,0,0,1
3,23,4,0,1279,3,3,4,1,0,2,1,31,2,1,1,2,1,1,0,0,1
3,12,4,4,2844,4,2,1,2,0,2,3,30,2,1,1,2,1,1,0,0,1
3,24,2,4,2594,0,2,2,2,0,3,2,30,2,1,1,2,1,0,0,0,1
3,9,4,0,1165,0,0,4,2,0,4,0,52,2,1,1,3,1,1,0,0,1
0,24,2,0,1365,0,2,4,1,0,3,0,31,2,1,1,2,1,0,0,1,1
1,15,2,0,1978,0,2,4,2,0,2,2,35,2,1,1,2,1,1,0,0,1
3,16,4,3,1021,4,2,4,1,0,2,0,31,2,1,1,2,1,0,0,0,1
0,12,2,0,1280,1,2,2,1,0,3,2,20,2,0,1,2,1,0,0,1,1
3,15,2,4,1722,0,4,2,2,0,2,0,36,2,1,1,1,1,0,0,0,1
1,7,2,4,2111,0,2,2,2,0,2,0,29,2,1,1,1,1,0,0,0,1
1,18,2,3,2990,0,2,2,1,0,2,2,28,2,1,1,2,1,0,0,0,1
3,30,4,3,4251,1,2,2,2,0,1,1,26,2,1,2,2,1,0,0,0,1
1,24,2,3,8609,0,4,2,2,0,2,3,30,2,2,1,3,1,1,0,1,1
1,19,0,9,4292,0,2,4,1,0,2,2,38,2,1,1,1,1,0,0,1,1
3,16,4,9,1439,0,3,3,1,0,4,2,50,2,1,1,1,1,0,0,0,1
3,48,4,4,3566,4,4,4,2,0,1,2,31,2,1,1,2,1,0,0,0,1
0,22,4,0,4821,0,3,2,2,0,3,1,32,2,1,1,2,1,0,0,1,1
3,12,2,0,769,0,2,4,2,0,1,0,26,2,1,1,1,1,0,0,0,1
3,37,4,1,10850,0,4,1,2,0,1,3,43,2,1,1,3,1,1,0,0,1
1,13,2,0,950,1,3,4,1,0,3,2,30,0,1,2,2,1,0,0,1,1
1,24,3,9,6951,0,3,3,2,0,4,2,37,2,1,1,3,1,1,0,0,1
3,12,2,0,1391,0,4,4,2,0,3,0,36,2,1,1,2,1,1,0,0,1
3,21,2,8,929,0,1,3,1,0,2,1,30,2,1,1,1,1,0,0,0,1
0,30,2,0,5418,0,4,2,2,0,4,3,29,2,2,1,2,1,0,0,0,1
0,10,2,3,1048,0,1,4,1,0,3,1,23,2,1,1,2,1,0,0,0,1
1,40,2,0,14264,0,4,4,2,0,2,3,51,2,1,1,3,1,1,0,1,1
3,33,2,1,3836,0,2,2,1,0,3,1,42,2,1,1,3,1,1,0,0,1
3,45,2,0,10767,0,4,1,2,0,1,3,34,2,1,1,2,1,1,0,0,1
0,32,2,7,1840,0,2,3,2,0,3,3,32,1,2,1,2,1,1,0,1,1
3,20,4,4,5070,0,4,1,2,0,4,2,47,2,1,1,2,1,1,0,0,1
0,9,2,4,538,0,2,4,1,0,1,0,25,2,1,1,2,1,0,0,1,1
3,10,2,3,3075,4,4,1,2,0,3,3,45,2,1,1,2,1,1,0,0,1
3,25,2,9,6584,0,2,4,2,0,2,3,29,2,2,1,3,1,1,0,0,1
3,25,4,4,4526,0,2,3,2,0,2,2,58,2,1,1,2,1,0,0,0,1
0,18,2,0,2248,0,2,3,2,0,2,2,29,2,1,1,1,1,0,0,0,1
0,24,2,1,6570,0,0,2,2,0,2,3,22,2,2,1,3,1,1,0,0,1
3,19,2,4,997,4,2,4,2,0,2,0,24,2,1,2,2,1,0,0,0,1
0,12,2,4,688,0,3,3,2,0,3,2,31,0,1,1,1,1,0,0,1,1
1,6,2,4,429,0,1,3,1,0,3,1,37,2,1,1,2,1,0,0,0,1
3,17,4,0,927,0,2,2,1,0,2,1,35,2,1,1,1,1,0,0,0,1
3,30,3,4,4520,0,2,3,2,0,2,1,38,2,1,2,3,1,1,0,1,1
3,12,2,1,1410,0,4,2,2,0,3,0,61,2,1,1,2,1,1,0,0,1
1,8,2,4,2328,2,1,1,2,0,1,2,43,0,1,1,2,1,0,0,0,1
0,6,2,4,342,0,4,4,1,0,1,2,29,2,1,1,2,1,0,0,0,1
3,19,2,4,2695,0,2,3,2,0,2,0,31,2,1,2,2,1,1,0,0,1
3,24,4,1,6333,0,4,2,2,0,3,3,39,2,1,1,3,1,1,0,0,1
0,25,2,0,2503,0,4,3,2,0,2,1,43,2,1,1,2,1,0,0,0,1
3,13,4,4,2323,0,2,2,2,0,4,0,33,2,1,1,2,1,0,0,0,1
0,15,2,4,1110,0,2,3,2,0,3,0,23,2,1,1,2,2,1,0,0,1
3,27,2,4,2391,0,2,4,2,0,2,2,25,2,1,1,2,1,0,0,0,1
0,36,2,0,8038,0,4,3,2,0,2,3,25,2,1,2,3,1,1,0,1,1
3,24,2,9,6599,0,2,2,2,0,3,3,55,2,2,1,2,1,1,0,0,1
3,25,4,4,5103,0,4,2,2,0,4,2,32,2,1,1,2,1,1,0,0,1
0,25,2,9,2507,0,4,3,2,0,2,1,41,2,1,1,2,1,0,0,0,1
0,48,2,0,3927,0,2,4,1,0,3,0,44,2,1,1,2,1,1,0,1,1
1,39,2,0,6539,0,4,2,2,0,1,3,30,2,1,1,2,1,1,0,1,1
3,7,2,4,604,0,1,4,1,0,3,0,33,2,1,2,1,1,0,0,0,1
1,18,4,4,4857,0,3,3,2,0,4,1,48,2,1,2,2,1,0,0,1,1
3,18,2,4,1300,0,2,4,1,0,1,1,31,2,1,1,2,1,0,0,0,1
1,12,2,0,622,0,2,4,2,0,3,2,24,2,1,1,2,1,0,0,1,1
3,20,2,4,2053,0,2,4,3,0,1,2,33,2,1,1,2,1,0,0,0,1
0,18,4,0,2256,0,2,3,0,0,2,2,30,2,0,2,2,1,0,0,1,1
0,13,4,0,1216,0,2,3,2,0,2,1,43,2,1,1,2,1,1,0,0,1
0,13,2,0,1272,0,2,2,1,0,2,2,22,2,0,1,2,1,0,0,1,1
0,24,2,3,3229,0,2,4,2,0,3,1,23,2,0,1,2,1,1,0,1,1
1,11,2,4,521,0,4,3,2,0,3,0,40,2,1,1,2,1,0,0,0,1
0,24,2,4,1356,4,2,3,1,0,3,0,34,0,1,1,2,1,0,0,1,1
0,6,2,0,1344,0,2,1,2,0,4,0,43,2,1,1,2,2,0,0,0,1
3,11,2,4,2701,0,1,1,2,0,2,1,29,2,1,1,1,1,0,0,0,1
3,6,4,0,1172,1,4,4,2,0,4,1,67,2,1,2,2,1,1,0,0,1
1,14,2,0,903,0,4,4,2,0,2,2,24,0,1,1,2,1,0,0,1,1
3,36,4,1,5833,0,2,3,2,0,1,1,27,2,1,1,2,1,0,0,0,1
1,34,0,1,8121,0,1,1,2,0,2,2,29,2,1,1,2,1,0,0,0,1
0,24,2,0,1355,0,1,4,2,0,2,2,39,2,1,1,3,1,1,0,1,1
1,31,0,9,4266,0,2,2,1,0,3,2,25,2,1,2,1,1,0,0,1,1
1,16,2,4,2423,0,4,3,2,0,2,2,40,2,1,1,2,1,0,0,0,1
0,34,3,9,8164,0,4,2,2,0,3,2,43,2,1,3,2,1,1,0,1,1
1,56,2,0,14065,0,4,4,2,0,2,3,30,2,1,1,3,1,1,0,1,1
0,48,4,3,6228,0,4,4,2,0,4,3,49,2,0,1,2,1,1,0,1,1
0,6,2,4,2108,0,2,2,2,0,2,0,29,2,0,1,2,1,0,0,0,1
3,24,4,9,4166,1,2,3,2,0,3,1,28,2,1,1,2,1,0,0,0,1
3,9,2,4,3399,0,2,1,2,0,3,2,37,2,1,1,2,1,0,0,0,1
3,14,2,4,876,4,1,4,1,0,3,0,23,2,1,1,2,1,0,0,0,1
0,6,4,4,339,0,4,4,1,0,4,2,52,2,1,2,1,1,0,0,0,1
3,26,4,4,5186,0,3,4,2,0,3,2,45,2,1,3,2,1,0,0,0,1
3,17,2,9,1568,3,2,3,1,0,4,0,25,2,1,1,2,1,0,0,0,1
1,15,4,4,1053,0,1,4,2,0,1,1,27,2,1,1,2,1,0,0,0,1
3,24,4,9,4168,1,2,3,2,0,3,1,28,2,1,1,2,1,0,0,0,1
3,10,2,4,892,0,2,3,1,0,3,1,24,2,1,1,2,1,0,0,0,1
1,18,2,3,2774,0,4,2,2,0,2,1,31,0,1,2,2,1,0,0,1,1
1,12,2,9,1429,0,3,4,1,0,2,1,25,2,1,1,2,1,0,0,0,1
3,22,4,1,3358,0,4,3,2,0,3,1,32,2,1,1,2,1,1,0,0,1
1,40,4,0,5152,0,3,2,2,0,2,1,29,2,1,1,2,1,0,0,1,1
1,32,0,9,4281,0,2,1,1,0,3,2,23,2,1,1,3,1,0,0,1,1
3,11,2,0,3516,0,2,2,2,0,3,1,29,2,1,1,2,1,1,0,0,1
1,11,2,0,1413,0,2,2,2,0,2,0,32,2,1,1,2,1,0,0,0,1
0,24,2,3,2060,0,2,2,1,0,1,0,32,2,0,1,2,1,0,0,1,1
0,21,2,0,1216,0,1,4,1,0,3,0,31,2,0,1,2,1,1,0,1,1
3,20,2,2,2621,0,2,2,2,0,3,2,28,2,1,1,2,1,0,0,0,1
3,13,2,4,1934,0,2,2,2,0,2,3,25,2,1,2,2,1,1,0,0,1
3,24,4,4,5143,0,4,3,2,0,2,2,27,2,1,1,2,1,1,0,0,1
3,12,2,1,1411,0,4,2,2,0,2,0,58,2,1,1,2,1,1,0,0,1
0,12,2,0,697,0,4,4,2,0,2,2,45,0,1,1,1,1,0,0,1,1
0,12,4,3,1859,0,1,4,3,0,1,1,30,2,0,1,2,1,1,0,0,1
0,15,4,3,3642,0,4,1,2,0,4,2,26,2,0,1,2,1,0,0,0,1
3,13,4,9,1428,0,3,3,1,0,4,2,53,2,1,1,2,1,0,0,0,1
2,24,2,4,2365,0,1,1,2,0,1,2,31,2,0,1,2,1,0,0,1,1
3,45,2,1,8384,4,2,1,1,0,1,2,29,2,1,2,2,1,0,0,0,1
3,16,2,0,3514,0,3,2,2,0,3,2,33,2,1,1,2,1,1,0,0,1
3,15,2,4,2897,4,4,1,2,0,4,2,39,2,1,1,2,1,0,0,0,1
1,21,2,9,4663,0,1,2,2,0,3,1,29,2,1,1,3,1,0,0,1,1
3,12,4,4,3086,4,2,1,2,0,1,0,32,2,1,1,2,1,0,0,0,1
3,36,2,1,7911,0,3,2,2,0,3,1,39,0,1,1,2,1,0,0,0,1
3,12,2,3,1538,0,3,2,1,0,3,2,34,2,1,1,2,1,1,0,0,1
1,16,2,4,870,0,2,4,1,0,1,0,24,2,1,1,2,1,0,0,0,1
3,24,2,3,3754,0,1,3,2,0,4,2,49,2,1,1,2,1,0,0,0,1
3,22,2,1,3847,0,4,2,1,0,4,2,48,2,1,1,3,1,1,0,0,1
3,15,4,3,3820,0,1,1,2,0,3,0,23,2,1,1,2,1,1,0,0,1
1,28,2,0,12513,0,2,2,2,0,2,3,41,2,2,1,2,1,1,0,1,1
3,14,2,4,1722,0,4,2,2,0,3,0,35,2,1,1,1,1,0,0,0,1
0,44,4,7,5969,0,2,2,2,0,2,3,23,2,2,1,2,1,1,0,1,1
3,31,2,1,8223,3,2,1,1,0,2,2,28,2,1,1,2,1,0,0,0,1
3,9,2,4,1389,0,2,2,1,0,1,2,26,2,0,1,2,1,0,0,0,1
3,36,3,1,9022,4,2,2,2,0,3,3,33,2,2,1,3,2,1,0,0,1
0,8,2,3,3384,0,1,1,2,0,4,1,40,2,0,1,3,1,1,0,1,1
2,24,2,0,2302,0,1,4,2,0,1,2,44,2,1,1,2,1,0,0,1,1
1,34,0,9,4213,0,2,3,2,0,2,2,27,2,1,1,2,1,0,0,1,1
3,9,2,4,3447,0,4,2,2,0,3,0,49,2,1,1,2,1,1,0,0,1
3,13,4,3,934,0,3,2,1,0,3,1,34,2,1,2,2,1,0,0,0,1
3,23,2,1,2908,0,1,2,2,0,1,0,35,2,2,1,2,1,0,0,0,1
3,7,4,4,2325,0,4,1,2,0,1,0,46,2,1,1,2,1,0,0,0,1
3,19,2,4,2679,0,1,2,2,0,4,0,34,2,1,1,1,1,0,0,0,1
1,7,4,4,1868,0,2,4,3,0,3,2,35,2,1,2,3,1,1,0,0,1
3,21,2,9,1940,0,2,4,2,0,3,2,48,2,1,1,2,1,1,0,0,1
0,40,2,4,4507,0,2,2,2,0,2,1,27,2,1,2,2,1,1,0,1,1
1,17,4,3,953,0,1,3,2,0,2,2,29,2,1,2,1,1,0,0,0,1
3,11,4,0,2239,0,2,2,2,0,2,2,54,0,0,1,2,1,0,0,1,1
0,6,2,4,437,0,1,4,1,0,2,0,23,2,1,1,2,1,0,0,1,1
3,23,4,0,7275,0,2,2,2,0,2,1,49,2,1,1,3,1,0,0,0,1
3,13,2,0,799,0,2,4,2,0,2,0,27,2,1,1,1,1,0,0,0,1
3,10,2,3,1275,0,2,4,2,0,2,1,23,2,1,1,2,1,0,0,0,1
3,16,4,3,1591,0,4,3,2,0,2,2,34,2,1,1,2,1,0,0,0,1
1,11,2,4,860,0,1,3,1,0,2,0,29,2,1,1,2,1,0,0,0,1
3,15,2,4,3185,4,1,2,2,0,2,2,20,2,1,1,2,1,1,0,0,1
1,11,2,0,1321,0,4,3,2,0,3,2,40,2,1,2,2,1,0,0,0,1
0,15,2,3,2162,0,2,4,1,0,1,3,28,2,1,1,2,1,0,0,1,1
3,13,2,4,2055,4,2,4,3,0,1,2,31,2,1,1,2,1,0,0,0,1
3,10,2,4,2093,0,2,1,3,0,3,2,23,2,1,1,2,1,0,0,0,1
3,13,2,3,1536,0,2,3,1,0,3,2,33,2,1,1,2,1,1,0,0,1
0,34,2,3,3613,0,4,2,2,0,2,2,23,2,1,1,2,1,0,0,0,1
3,48,3,9,12672,4,3,4,2,0,1,2,36,2,1,1,3,1,1,0,0,1
0,6,4,4,360,0,4,4,1,0,3,2,49,2,1,1,2,1,0,0,0,1
3,16,4,4,1825,0,2,3,2,0,3,2,39,2,1,1,2,1,0,0,0,1
3,21,2,3,2200,4,4,4,2,0,3,0,38,2,1,1,2,1,0,0,0,1
3,13,2,4,2032,0,2,4,3,0,1,2,30,2,1,1,2,1,0,0,0,1
3,22,2,0,3491,1,3,3,2,0,3,2,23,2,1,1,2,1,1,0,0,1
3,10,4,0,7295,0,2,1,2,0,4,1,65,2,1,1,1,1,0,0,0,1
1,8,2,0,3521,1,3,2,2,0,3,2,33,2,1,1,2,1,1,0,0,1
1,8,4,9,1415,0,2,4,2,0,2,0,32,2,1,1,2,1,1,0,0,1
0,49,2,0,7434,0,4,4,2,0,1,3,33,2,0,1,2,1,0,0,1,1
3,11,2,0,1190,1,4,3,2,0,3,1,67,2,1,2,2,1,1,0,0,1
3,10,2,4,2694,0,2,1,2,0,2,0,30,2,1,1,1,1,0,0,0,1
3,15,2,4,1312,1,2,2,3,0,2,1,43,2,1,2,2,1,0,0,0,1
1,24,2,0,2026,0,3,2,2,0,2,2,32,2,1,1,2,1,1,0,0,1
3,28,2,3,3077,4,2,2,2,0,2,0,40,2,1,1,2,1,0,0,0,1
1,8,2,4,902,0,1,3,1,0,2,0,24,2,1,1,2,1,0,0,0,1
3,13,2,4,1736,0,2,3,2,0,3,0,30,2,1,1,1,1,0,0,0,1
0,22,4,3,3659,0,4,1,2,0,3,1,28,2,1,1,2,1,0,0,0,1
3,11,2,4,3398,0,4,1,2,0,3,1,37,2,1,1,2,1,0,0,0,1
3,12,4,4,1802,0,2,3,1,0,4,1,44,2,1,1,2,1,0,0,0,1
3,35,2,9,2612,0,2,4,2,0,2,2,27,2,1,2,2,1,1,0,0,1
0,14,2,0,903,0,2,4,3,0,2,1,24,2,1,1,2,1,0,0,1,1
3,16,2,0,3198,4,2,1,1,0,3,2,22,2,1,1,2,1,1,0,0,1
3,18,2,9,1936,0,4,2,2,0,4,2,25,2,1,1,2,1,1,0,0,1
0,19,1,4,1580,0,2,4,2,0,2,2,40,2,1,1,2,1,0,0,1,1
3,29,4,4,2762,0,4,2,2,0,2,2,29,2,1,1,2,1,1,0,0,1
0,24,2,3,5444,0,2,2,2,0,3,3,25,2,2,1,2,1,0,0,0,1
0,39,2,0,3971,0,2,3,1,0,2,0,35,2,1,1,2,1,0,0,1,1
3,13,4,4,1469,0,3,3,2,0,3,2,35,2,1,2,2,1,0,0,0,1
3,11,2,3,1727,0,1,2,2,0,2,0,33,2,1,1,1,1,0,0,0,1
3,19,2,1,3255,0,4,1,2,0,4,3,34,2,1,1,3,1,1,0,0,1
0,28,2,3,3592,0,2,3,1,0,2,2,32,2,1,1,2,1,0,0,0,1
0,18,2,3,4163,0,2,2,2,0,2,2,35,2,1,1,2,1,0,0,1,1
1,12,0,0,5135,0,2,2,1,0,3,1,67,2,1,1,3,1,1,0,1,1
1,8,2,3,1048,0,1,4,1,0,2,1,28,2,1,1,2,1,0,0,0,1
0,19,2,4,2492,0,2,4,2,0,1,0,31,2,1,1,2,1,0,0,1,1
3,36,2,4,4457,0,4,4,2,0,3,2,33,2,1,1,3,1,1,0,0,1
3,16,2,4,2293,0,3,3,2,0,4,2,22,2,1,1,2,1,0,0,0,1
1,9,2,4,1082,0,2,4,2,0,4,0,27,2,1,2,2,1,1,0,0,1
3,8,2,7,1236,4,4,2,2,0,4,1,52,2,1,1,2,1,1,0,0,1
3,15,2,4,1300,0,4,4,2,0,3,0,40,2,1,1,1,1,0,0,0,1
3,23,4,1,5809,0,2,3,2,0,2,1,27,2,1,2,2,1,1,0,0,1
3,36,2,3,5483,4,0,2,2,0,3,1,40,2,2,1,2,1,0,0,0,1
1,7,4,4,761,0,4,2,2,0,3,1,63,2,1,1,1,1,0,0,0,1
3,17,2,4,2052,0,2,3,3,0,1,2,32,2,1,1,2,1,0,0,0,1
3,17,2,0,1472,0,2,3,3,0,4,0,38,2,1,1,2,1,1,0,0,1
3,4,2,0,1544,0,2,2,2,0,1,0,41,2,1,2,2,2,0,0,0,1
3,10,2,4,1389,0,4,4,1,0,3,0,52,2,1,2,2,1,1,0,0,1
1,35,2,2,11871,0,2,2,1,0,3,2,33,2,1,2,3,1,1,0,1,1
3,15,4,4,1720,0,4,2,1,0,2,0,35,2,1,1,1,1,0,0,0,1
3,20,2,4,2668,2,4,3,2,0,3,2,34,2,1,1,2,1,0,0,0,1
3,15,4,0,1476,0,4,2,2,0,4,0,58,2,1,2,1,1,0,0,0,1
3,17,4,9,1795,0,2,3,2,0,3,1,44,2,1,2,2,1,0,0,0,1
3,9,2,4,897,0,2,3,1,0,2,1,36,2,1,1,2,1,0,0,0,1
3,12,2,3,1554,0,2,4,2,0,4,1,53,2,1,1,2,1,0,0,1,1
3,7,4,4,1237,0,4,2,1,0,4,0,29,2,1,1,2,1,0,0,0,1
3,23,2,3,2760,0,4,3,1,0,3,2,35,0,1,1,2,1,0,0,0,1
0,6,4,4,360,0,4,4,2,0,3,2,49,2,1,1,2,1,0,0,0,1
1,38,2,4,4793,0,3,4,2,0,1,1,29,2,1,1,3,1,0,0,0,1
0,44,2,3,5388,0,4,2,2,0,4,3,37,2,2,1,2,1,0,0,0,1
0,12,2,4,762,0,0,4,1,0,2,0,26,2,1,1,1,1,0,0,1,1
0,12,2,3,3954,0,0,1,2,0,1,1,36,2,1,1,2,1,1,0,0,1
0,33,4,1,6279,0,4,4,2,0,3,3,38,2,2,2,2,1,0,0,1,1
3,42,2,3,5427,4,0,2,2,0,4,1,40,2,2,1,2,1,0,0,0,1
3,7,4,4,1383,0,2,2,2,0,2,0,29,2,1,1,2,1,0,0,0,1
3,19,2,4,1972,0,4,4,2,0,2,2,38,2,1,1,2,1,0,0,0,1
1,12,2,4,1073,0,4,2,2,0,1,2,26,2,1,1,2,1,0,0,0,1
0,34,4,3,3445,0,2,3,1,0,2,0,38,2,0,1,2,1,0,0,1,1
3,26,4,4,5791,0,4,4,2,0,2,2,26,2,1,2,2,1,1,0,0,1
3,24,2,3,1754,0,4,4,2,0,3,0,57,2,1,1,1,1,0,0,0,1
3,24,3,4,4591,0,2,2,2,0,3,1,52,2,1,2,3,1,1,0,1,1
1,38,3,3,4290,0,2,1,1,0,4,2,23,2,1,1,2,1,0,0,1,1
1,10,4,0,1042,0,2,3,2,0,4,1,30,2,1,1,1,1,0,0,0,1
3,24,2,1,7876,0,3,2,2,0,3,2,34,0,1,1,2,1,0,0,0,1
2,22,4,0,2317,0,1,2,2,0,3,2,27,2,1,1,2,1,0,0,1,1
3,17,2,4,3421,0,4,3,2,0,4,1,46,2,1,2,2,1,0,0,0,1
3,15,2,3,2213,4,2,4,2,0,3,1,31,2,1,1,2,1,0,0,0,1
3,28,4,1,3859,0,4,4,1,0,3,2,40,2,1,1,2,1,1,0,0,1
3,30,2,9,4407,0,2,2,2,0,4,0,40,2,1,1,2,1,0,0,0,1
3,13,2,9,1571,0,2,4,1,0,2,0,42,2,1,1,2,1,0,0,0,1
0,16,2,3,2162,0,2,4,1,0,1,3,28,2,1,1,2,1,0,0,1,1
0,27,2,0,4002,0,3,2,1,0,2,2,43,2,1,1,2,1,1,0,1,1
3,24,4,3,4157,0,2,3,2,0,3,1,27,2,1,1,2,1,0,0,0,1
3,11,2,0,1205,1,4,4,2,0,3,1,58,2,1,1,2,1,1,0,0,1
0,24,4,3,2818,0,2,3,2,0,3,0,30,2,1,1,2,1,1,0,0,1
3,22,2,4,3069,4,4,3,2,0,4,0,31,2,1,1,2,1,0,0,0,1
0,22,2,9,7834,0,4,4,2,0,4,2,49,2,0,1,2,1,1,0,1,1
3,23,2,4,2603,0,2,2,2,0,4,2,28,2,1,1,2,1,0,0,0,1
1,6,2,4,484,0,4,3,2,0,2,0,28,2,1,1,2,1,0,0,0,1
0,24,2,4,1369,4,2,3,1,0,4,0,25,0,1,1,2,1,0,0,1,1
3,11,4,4,2073,0,2,3,3,0,2,2,27,2,1,1,2,1,0,0,0,1
0,10,4,3,2119,0,2,3,2,0,2,0,32,2,0,1,2,1,0,0,0,1
3,23,4,4,1377,0,4,4,1,0,2,0,47,2,0,1,2,1,1,0,0,1
1,12,4,0,2263,0,2,3,2,0,2,2,53,0,1,2,2,1,0,0,1,1
0,19,2,4,1934,0,2,2,2,0,3,1,24,2,1,2,1,1,1,0,0,1
0,28,2,4,1977,0,4,3,2,0,3,0,34,2,1,1,2,1,0,0,1,1
3,23,2,1,2681,0,3,3,2,0,2,1,36,2,1,1,3,1,1,0,0,1
0,35,2,3,3349,0,4,4,2,0,2,1,28,2,1,1,3,1,1,0,1,1
1,55,3,4,13101,4,3,2,2,0,4,2,51,2,1,1,3,1,1,0,0,1
3,6,2,4,1067,0,1,4,3,0,3,1,27,2,1,1,2,1,0,0,0,1
3,20,3,9,4255,1,2,1,2,0,4,1,24,2,1,1,2,1,0,0,0,1
1,12,2,4,2742,4,4,2,2,0,3,2,51,2,1,3,2,1,1,0,0,1
3,14,4,4,1937,0,2,3,2,0,4,1,40,2,1,2,2,1,1,0,0,1
3,9,4,4,1154,0,2,2,2,0,3,0,37,2,1,2,2,1,1,0,0,1
3,38,4,0,7247,0,0,3,2,0,2,1,33,2,1,2,2,1,1,0,0,1
3,34,4,4,4546,0,2,3,2,0,2,0,29,2,1,1,2,1,1,0,0,1
3,12,2,0,1390,0,2,4,2,0,3,0,36,2,1,1,2,1,1,0,0,1
0,30,2,3,3347,0,1,4,2,0,2,3,33,2,0,1,2,1,1,0,1,1
0,16,2,0,1191,0,0,2,1,0,4,1,37,2,0,1,2,1,0,0,1,1
3,14,2,3,2766,0,4,1,1,0,3,2,29,0,1,1,2,1,0,0,0,1
1,28,2,0,3494,0,2,3,2,0,2,0,31,2,1,1,2,1,1,0,0,1
0,11,2,0,1209,1,2,4,2,0,2,1,41,2,1,1,2,1,1,0,0,1
3,9,4,4,1537,0,4,2,2,0,2,0,53,2,1,1,2,1,0,0,0,1
3,15,2,4,624,0,1,4,1,0,3,0,42,2,1,1,1,1,0,0,0,1
0,24,2,4,3092,0,1,2,1,0,2,1,22,2,0,1,2,1,0,0,1,1
3,13,2,4,2689,0,1,1,2,0,3,1,27,2,1,1,1,1,0,0,0,1
0,23,2,3,6421,0,4,1,2,0,4,3,44,2,1,1,2,1,1,0,0,1
3,12,2,4,2577,0,2,2,2,0,3,2,51,2,1,1,2,1,0,0,0,1
3,18,2,4,3114,4,1,2,2,0,2,2,36,2,1,2,2,1,1,0,0,1
3,17,4,4,1475,0,1,4,3,0,4,0,43,2,1,1,2,1,1,0,0,1
0,18,2,3,2469,0,2,4,2,0,1,0,24,2,1,1,2,1,0,0,1,1
0,12,2,0,1228,0,2,3,1,0,3,0,23,2,1,1,2,1,0,0,1,1
0,13,2,3,3379,0,2,3,2,0,3,3,35,2,1,1,2,1,1,0,1,1
3,18,2,0,5299,0,4,1,2,0,3,3,35,2,1,2,2,1,1,0,0,1
0,36,4,0,4830,0,3,2,2,0,2,1,32,2,1,1,2,1,0,0,1,1
3,24,2,1,2831,4,2,3,2,0,3,0,47,2,1,1,2,1,1,0,0,1
1,33,2,0,14458,0,4,2,2,0,2,3,47,2,1,1,3,1,1,0,1,1
0,20,2,3,2312,0,0,3,0,0,1,2,36,2,1,1,2,1,0,0,1,1
3,21,2,4,1534,0,1,4,2,0,3,2,41,2,1,1,2,1,0,0,0,1
3,15,4,4,2715,0,4,2,2,0,2,2,30,2,1,2,2,1,0,0,0,1
3,18,4,3,1805,0,2,2,2,0,3,1,40,2,1,1,2,1,0,0,0,1
0,20,2,4,2201,4,3,4,2,0,3,0,37,2,1,1,2,1,0,0,0,1
3,29,4,3,3339,3,2,3,2,0,2,3,48,2,1,1,2,1,1,0,0,1
1,45,4,0,13118,4,3,4,2,0,1,3,35,2,2,1,3,1,1,0,0,1
0,14,4,0,2184,4,3,1,2,0,4,2,33,2,1,1,2,1,0,0,0,1
3,46,2,9,3578,0,4,3,2,0,1,2,46,2,1,1,2,1,0,0,0,1
1,18,0,9,4165,0,2,2,2,0,2,2,35,2,1,1,2,1,0,0,1,1
3,11,2,4,1760,0,4,1,2,0,1,0,21,2,1,1,1,1,0,0,0,1
0,14,4,0,2186,0,2,3,3,0,2,3,26,2,1,1,2,1,0,0,1,1
3,23,4,0,2463,2,4,4,2,0,4,1,44,1,1,2,2,1,1,0,0,1
3,21,4,4,1534,3,2,3,1,0,3,2,37,2,1,1,2,1,1,0,0,1
1,18,2,0,1039,0,2,4,1,0,2,2,35,2,1,1,2,1,0,0,1,1
1,23,2,3,1938,0,1,4,2,0,3,0,30,2,1,1,2,1,0,0,1,1
3,17,2,4,3104,4,1,2,2,0,1,1,31,2,1,1,2,1,1,0,0,1
3,17,4,1,2357,2,2,1,2,0,2,2,40,2,1,1,2,1,1,0,0,1
0,38,2,4,2569,0,2,3,2,0,3,2,24,2,1,1,2,1,0,0,0,1
3,9,2,1,2973,4,2,1,2,0,2,3,38,2,1,1,2,1,1,0,0,1
1,12,2,4,2750,4,4,2,2,0,4,2,52,2,1,2,2,1,1,0,0,1
0,21,2,9,2318,0,0,2,0,0,3,2,26,2,1,1,2,1,0,0,1,1
3,36,4,1,10962,0,4,2,2,0,2,3,37,2,1,1,3,1,1,0,0,1
1,47,2,1,10972,0,2,1,1,0,2,2,27,0,1,2,3,1,1,0,1,1
1,24,2,1,7759,0,3,2,2,0,4,2,29,2,1,1,2,1,0,0,0,1
0,24,2,4,1837,0,2,4,2,0,4,2,34,2,1,1,2,1,1,0,1,1
3,15,4,4,3562,0,2,3,2,0,2,2,43,2,1,1,1,1,0,0,0,1
3,13,4,4,1151,2,2,2,2,0,3,0,41,2,1,2,2,1,1,0,0,1
3,10,2,4,1544,0,3,2,2,0,3,0,35,2,1,1,2,1,0,0,0,1
3,9,4,3,1412,0,2,3,2,0,2,0,33,2,1,1,1,1,1,0,0,1
3,10,2,4,1546,0,2,3,1,0,2,2,30,2,1,1,2,1,0,0,0,1
3,36,2,1,8966,4,2,2,2,0,2,3,31,2,2,1,2,2,1,0,0,1
3,18,4,7,2023,0,3,4,2,0,3,2,60,2,1,1,2,1,0,0,0,1
3,33,4,1,5752,0,2,2,2,0,2,2,28,2,1,2,2,1,1,0,0,1
3,6,2,4,706,0,2,2,2,0,2,0,29,2,1,1,2,1,0,0,0,1
3,13,2,4,1552,0,4,4,2,0,2,0,39,0,1,1,2,1,0,0,0,1
3,9,4,3,2137,0,1,2,1,0,2,0,25,2,1,1,2,1,0,0,0,1
0,11,4,4,371,0,4,4,2,0,2,2,24,2,1,1,2,1,0,0,0,1
3,16,2,4,1510,0,2,4,1,0,2,2,25,2,1,1,2,1,0,0,0,1
3,24,2,0,4795,0,0,2,2,0,3,1,29,2,1,1,3,1,1,0,1,1
3,16,2,0,2579,0,2,4,2,0,1,0,36,2,0,1,2,2,0,0,1,1
3,34,4,9,4478,0,2,4,2,0,2,0,31,2,1,1,3,1,1,0,0,1
1,16,2,3,3972,0,1,1,2,0,4,1,22,2,1,1,2,1,1,0,0,1
3,13,4,3,1593,0,4,3,2,0,2,2,34,2,1,1,2,1,0,0,0,1
3,12,4,0,3378,0,3,1,2,0,1,2,33,2,1,1,2,1,0,0,0,1
3,48,2,0,7410,0,2,1,2,0,1,1,32,2,1,1,2,1,0,0,0,1
3,12,2,3,2011,0,3,3,2,0,3,1,30,2,1,1,2,1,1,0,0,1
3,5,2,4,1493,0,2,1,2,0,2,0,30,2,1,1,1,2,0,0,0,1
3,19,2,4,5066,0,3,1,2,0,4,2,49,2,1,1,2,1,1,0,0,1
1,25,2,4,4801,0,3,2,2,0,4,3,30,2,1,1,2,1,0,0,0,1
0,45,2,4,5965,0,2,2,1,0,2,3,23,2,1,1,2,1,0,0,1,1
3,17,2,4,1518,1,2,4,1,0,1,0,37,2,1,1,2,1,0,0,0,1
3,47,3,0,12180,4,3,2,2,0,2,2,47,2,1,1,3,1,1,0,0,1
1,25,2,3,1911,0,1,4,2,0,3,0,58,2,1,1,2,1,0,0,1,1
3,9,4,4,1129,0,2,2,1,0,4,0,50,2,1,1,1,1,0,0,0,1
3,36,2,0,10774,0,4,3,2,0,2,3,35,2,1,1,2,1,1,0,0,1
0,28,2,1,5483,4,0,3,2,0,4,1,43,2,2,1,2,1,0,0,0,1
3,34,4,2,6305,0,4,4,2,0,3,3,34,2,1,2,3,1,1,0,0,1
3,21,2,3,1258,0,1,3,2,0,1,1,25,2,1,1,2,1,0,0,0,1
3,16,4,1,3346,0,4,4,2,0,2,3,28,2,1,1,2,1,1,0,0,1
1,10,4,0,1038,0,2,2,2,0,4,1,40,2,1,1,1,1,0,0,0,1
1,10,2,4,1092,0,2,4,2,0,3,0,27,2,1,2,2,1,1,0,0,1
0,47,4,7,5952,0,4,2,2,0,2,3,22,2,2,1,2,1,1,0,1,1
1,9,2,4,2401,0,2,2,2,0,3,2,36,2,1,1,2,1,0,0,0,1
0,20,2,3,2214,0,3,4,2,0,4,2,41,2,1,1,2,1,0,0,0,1
3,16,2,4,3419,0,4,3,2,0,4,1,46,2,1,2,2,1,0,0,0,1
0,17,2,3,3647,0,2,1,1,0,4,2,23,2,1,1,2,1,0,0,0,1
3,24,2,3,1254,0,2,4,2,0,1,0,26,2,1,1,2,1,0,0,0,1
0,45,2,3,7623,4,3,3,2,0,2,3,48,2,1,2,3,1,1,0,0,1
1,25,2,4,2326,0,4,2,2,0,2,2,31,0,1,1,2,1,0,0,0,1
3,24,2,9,6313,0,4,3,2,0,2,0,30,2,1,1,2,1,0,0,0,1
3,12,4,4,1892,4,2,4,2,0,4,2,28,2,1,1,3,1,1,0,0,1
3,18,2,3,1607,0,3,3,1,0,3,2,30,2,1,1,2,1,0,0,0,1
1,19,2,3,4151,0,2,2,2,0,2,2,32,2,1,2,2,2,0,0,1,1
3,15,2,1,2449,4,4,2,2,0,3,0,26,2,1,1,2,1,1,0,0,1
3,17,2,0,1981,0,4,4,2,0,2,2,23,2,1,1,2,1,1,0,0,1
3,16,4,3,2029,0,2,4,2,0,2,2,42,2,1,1,2,1,0,0,0,1
3,24,2,1,5461,0,2,2,2,0,4,1,32,2,1,1,2,1,0,0,0,1
3,13,2,3,1723,0,1,2,2,0,2,0,35,2,1,1,1,1,0,0,0,1
3,9,4,4,2417,0,4,3,2,0,2,2,35,2,1,1,2,1,0,0,0,1
3,24,2,3,3069,4,2,4,2,0,4,0,30,2,1,1,2,1,0,0,0,1
3,14,4,4,1520,0,4,4,2,0,4,0,63,2,1,1,2,1,0,0,0,1
1,9,2,1,2975,4,2,1,2,0,2,0,35,2,1,1,2,1,0,0,0,1
0,21,2,0,2576,0,4,4,2,0,2,0,41,2,1,1,2,2,0,0,1,1
3,12,2,4,1695,0,2,3,2,0,1,0,33,2,1,1,2,1,0,0,0,1
0,17,2,4,865,0,2,3,1,0,2,3,24,2,1,1,2,1,0,0,0,1
3,22,4,0,1280,3,2,4,1,0,2,1,30,2,1,1,2,1,1,0,0,1
3,6,2,4,1765,0,2,1,2,0,2,0,21,2,1,1,1,1,0,0,0,1
0,24,2,0,1366,0,3,4,1,0,3,0,29,2,1,1,2,1,0,0,1,1
1,20,2,9,4248,0,2,1,2,0,4,1,24,2,1,1,1,1,0,0,0,1
3,10,2,4,702,0,2,3,2,0,2,0,37,2,1,1,2,1,0,0,0,1
3,45,4,1,6664,0,0,4,2,0,4,3,37,2,1,1,3,1,1,0,0,1
0,12,2,0,1294,4,2,2,1,0,1,2,24,2,0,1,2,1,0,0,1,1
3,26,4,9,4187,1,2,3,2,0,2,1,28,2,1,1,2,1,0,0,0,1
3,10,4,4,1233,4,4,3,2,0,3,1,33,2,1,2,2,1,0,0,0,1
3,22,2,4,3181,4,1,3,1,0,3,0,25,2,1,1,2,1,0,0,0,1
3,24,4,3,3983,4,3,2,2,0,3,1,25,2,1,1,2,1,1,0,0,1
1,14,2,0,6463,4,4,2,2,0,2,3,45,2,1,1,2,1,0,0,1,1
3,6,2,4,1745,0,4,1,2,0,2,1,37,2,1,1,1,1,0,0,0,1
0,21,2,0,2543,0,2,4,2,0,1,2,26,2,1,1,1,1,0,0,1,1
1,36,0,3,5186,0,2,3,1,0,2,1,28,2,1,1,2,1,1,0,1,1
3,12,2,4,2577,0,2,2,2,0,1,2,42,2,1,1,2,1,0,0,0,1
1,20,4,1,6465,0,4,1,2,0,3,3,58,2,1,1,3,1,1,0,0,1
3,7,4,0,729,0,4,4,2,0,2,0,46,2,1,2,2,1,0,0,0,1
3,16,2,4,1503,0,2,4,1,0,1,0,29,2,1,1,2,1,0,0,0,1
0,31,2,3,3355,0,4,3,2,0,2,1,29,2,2,1,2,1,1,0,1,1
3,12,2,4,1375,0,4,4,1,0,2,0,65,2,1,1,2,1,1,0,0,1
1,19,2,4,1309,0,4,4,2,0,3,2,32,2,1,1,2,1,0,0,0,1
0,13,2,0,1282,4,2,2,1,0,3,3,21,2,0,1,2,1,0,0,1,1
1,24,2,0,2909,1,1,2,1,0,1,2,33,2,1,1,2,1,0,0,0,1
3,12,4,3,2171,0,4,2,1,0,2,0,30,2,1,1,2,1,0,0,0,1
1,18,2,9,1406,0,2,2,2,0,3,0,28,2,1,1,2,1,1,0,0,1
1,12,2,1,2928,1,1,2,2,0,1,2,27,2,1,1,2,1,0,0,0,1
0,11,2,3,1126,0,2,4,1,0,3,2,29,2,1,1,2,1,0,0,1,1
1,23,2,1,2910,0,3,1,2,0,1,2,33,2,1,1,2,1,0,0,0,1
3,12,2,3,990,3,4,4,2,0,4,2,26,2,1,2,2,1,0,0,0,1
3,9,2,0,1322,0,4,3,2,0,4,2,37,2,1,2,2,1,0,0,0,1
3,12,2,4,796,0,2,4,1,0,3,0,35,2,1,1,1,1,0,0,0,1
3,13,2,0,3566,0,2,2,2,0,1,2,44,2,1,1,2,1,0,0,0,1
3,46,3,3,7636,4,4,3,1,0,2,3,45,2,1,2,2,1,1,0,0,1
3,4,4,4,1452,0,2,1,2,0,1,2,37,2,1,2,2,2,0,0,0,1
0,24,2,3,4101,0,2,3,2,0,3,2,31,2,1,1,2,1,0,0,1,1
3,24,3,3,936,0,3,4,1,0,2,1,27,2,1,1,2,1,0,0,0,1
3,18,2,9,1949,0,2,4,2,0,1,2,34,2,1,1,2,1,1,0,0,1
0,9,2,4,700,0,2,4,2,0,2,0,38,2,1,1,1,1,0,0,0,1
0,10,2,4,1132,0,2,4,2,0,4,0,25,2,1,1,2,1,1,0,0,1
3,10,4,0,722,0,4,4,2,0,4,0,48,2,1,1,1,1,0,0,0,1
3,17,2,4,2589,0,2,2,2,0,2,2,35,2,1,1,2,1,0,0,0,1
0,12,2,0,684,0,4,2,2,0,3,1,28,2,1,1,2,1,0,0,1,1
3,8,2,0,1542,0,2,2,2,0,2,0,38,2,1,1,1,1,0,0,0,1
3,24,2,4,3396,0,2,2,2,0,4,1,51,2,1,2,2,1,0,0,0,1
0,6,2,0,667,0,1,2,1,0,4,0,42,2,1,1,1,1,1,0,0,1
0,26,2,3,2427,0,1,4,2,0,4,2,30,2,1,1,2,1,0,0,1,1
2,9,2,0,1336,0,2,3,2,0,1,0,33,2,1,1,1,1,0,0,1,1
1,13,2,0,1476,0,3,2,2,0,1,3,26,2,1,1,2,1,0,0,1,1
1,28,4,1,6092,0,3,1,2,0,2,2,31,2,1,1,2,1,1,0,0,1
0,7,2,4,659,0,1,3,3,0,4,0,36,2,1,1,1,1,1,0,0,1
3,23,2,3,1747,0,2,3,2,0,1,0,23,2,1,1,1,1,0,0,0,1
3,10,2,0,2138,0,2,3,2,0,2,0,40,2,1,1,1,1,0,0,0,1
3,22,2,3,3759,0,1,3,2,0,3,0,46,2,1,1,2,1,0,0,0,1
0,19,2,3,3361,0,1,3,2,0,2,3,37,2,2,1,2,1,1,0,1,1
3,14,2,0,1386,0,4,4,2,0,2,0,39,2,1,1,2,1,1,0,0,1
3,9,4,5,1224,0,2,2,2,0,1,1,30,2,1,1,2,1,0,0,0,1
3,37,3,4,15841,4,3,2,2,0,3,2,41,2,1,1,3,1,1,0,0,1
3,24,2,3,7743,0,3,1,2,0,3,1,29,2,1,1,2,1,1,0,0,1
3,15,4,3,974,0,1,2,2,0,2,2,25,2,1,2,1,1,0,0,0,1
1,21,4,4,2351,0,2,1,2,0,3,1,43,2,1,2,2,1,0,0,0,1
3,6,2,4,1495,0,2,1,1,0,1,0,27,2,1,1,2,1,0,0,0,1
3,8,2,4,2111,0,2,2,2,0,2,0,35,2,1,1,2,1,0,0,0,1
1,11,2,0,955,1,1,2,1,0,2,2,30,0,1,1,2,1,0,0,1,1
1,22,2,4,1311,0,4,3,3,0,3,2,25,2,1,1,2,1,0,0,0,1
3,49,2,1,9376,4,2,1,2,0,2,3,45,2,2,1,1,1,0,0,0,1
3,9,2,0,2023,0,2,2,2,0,1,2,25,2,1,1,2,1,0,0,0,1
3,15,4,9,1434,0,3,3,1,0,4,2,51,2,1,1,2,1,0,0,0,1
1,18,2,4,3218,0,2,1,1,0,3,2,29,2,1,1,2,1,1,0,0,1
3,19,2,4,2616,0,2,3,1,0,4,0,32,2,1,1,2,1,1,0,0,1
1,18,4,4,1215,0,0,4,2,0,3,1,48,2,1,1,2,1,0,0,1,1
0,17,2,0,1383,0,2,2,1,0,2,1,30,2,1,1,2,1,0,0,1,1
1,17,2,4,1098,0,2,4,1,2,3,0,63,2,1,2,2,1,0,0,0,1
0,19,2,0,1254,0,2,3,1,0,2,0,23,2,1,1,2,1,0,0,1,1
0,10,2,0,1308,4,2,3,1,0,3,2,26,2,0,1,2,1,0,0,1,1
3,28,4,4,4554,0,1,3,2,0,2,2,32,2,1,2,2,1,1,0,0,1
3,6,2,4,1766,0,4,1,2,0,2,1,21,2,1,1,1,1,0,0,0,1
0,15,4,4,6128,0,2,3,2,0,1,3,32,2,1,2,2,1,0,0,1,1
0,6,2,4,1361,0,3,2,2,0,4,0,44,2,1,1,2,1,0,0,0,1
3,9,4,0,2119,0,2,2,2,0,2,0,39,2,1,1,2,1,0,0,0,1
0,15,2,3,1052,0,1,4,1,0,1,1,27,2,1,1,2,1,0,0,0,1
1,28,2,3,3018,0,3,3,1,0,3,2,40,2,1,1,2,1,0,0,0,1
1,10,2,4,1091,0,2,3,2,2,2,0,27,2,1,2,2,1,0,0,0,1
0,12,2,0,684,0,3,4,2,0,3,2,39,2,1,1,1,1,0,0,1,1
3,15,4,4,1463,0,3,4,2,0,2,0,39,2,1,1,1,1,0,0,0,1
0,17,3,0,1653,0,2,4,2,0,2,2,34,2,0,1,1,1,0,0,1,1
3,24,2,0,3489,0,2,3,2,0,3,2,24,2,1,1,2,1,1,0,0,1
3,10,4,3,1927,0,4,1,2,0,3,0,33,2,1,1,2,1,1,0,0,1
3,42,3,0,11900,4,2,2,2,0,3,2,33,2,1,1,3,1,1,0,0,1
3,22,4,4,3104,4,2,3,2,0,1,0,26,2,1,1,2,1,0,0,0,1
3,32,3,1,9053,4,2,2,2,0,2,3,36,2,2,1,2,1,1,0,0,1
1,15,2,0,891,0,4,4,1,0,4,2,29,0,1,1,2,1,0,0,1,1
0,42,2,3,7145,0,1,3,2,0,2,1,30,2,0,1,2,1,0,0,1,1
3,13,2,0,1390,0,2,4,1,0,3,0,44,2,1,2,2,1,1,0,0,1
3,7,2,4,1741,0,4,1,2,0,2,0,33,2,1,1,1,1,0,0,0,1
0,23,2,0,1285,0,1,4,1,0,4,2,31,2,0,1,2,1,0,0,1,1
3,13,2,4,881,0,2,4,1,0,3,0,23,2,1,1,2,1,0,0,0,1
0,41,2,0,6854,0,2,2,2,0,2,1,58,2,1,1,2,1,1,0,1,1
3,12,4,4,1474,0,2,4,3,0,1,0,33,2,1,1,2,1,1,0,0,1
3,25,2,3,3076,4,4,2,2,0,2,3,38,2,1,2,2,2,1,0,0,1
1,12,2,4,1101,0,2,3,2,2,2,0,27,2,1,2,1,1,0,0,0,1
0,10,2,3,3393,0,1,1,2,0,3,1,38,2,1,1,2,1,1,0,1,1
1,36,2,4,3014,0,2,4,2,0,3,0,22,2,1,1,2,1,0,0,1,1
1,23,2,0,2908,4,1,2,1,0,1,2,35,2,1,1,2,1,0,0,0,1
3,37,4,0,11023,0,4,3,2,0,2,3,30,2,1,1,2,1,1,0,0,1
3,11,4,1,3903,0,2,2,2,0,2,2,36,2,1,1,2,1,0,0,0,1
0,36,2,9,7578,0,4,4,2,0,2,3,49,2,2,1,2,1,0,0,1,1
3,17,4,4,1238,2,4,3,1,0,4,1,60,2,0,1,1,1,0,0,0,1
1,19,4,3,3619,0,4,2,2,0,4,1,40,2,1,2,2,1,0,0,0,1
1,16,2,0,2771,0,4,1,1,0,2,2,29,0,1,1,2,1,0,0,1,1
3,31,2,9,6614,0,2,3,2,0,4,3,49,2,2,2,2,1,1,0,0,1
0,27,2,3,3615,0,4,3,2,0,3,2,21,2,1,1,2,1,0,0,0,1
1,24,2,3,4039,4,3,2,2,0,3,2,40,2,1,1,2,1,1,0,0,1
1,6,2,0,14886,0,4,1,2,0,3,2,67,2,1,1,2,1,1,0,1,1
3,17,2,4,3105,4,1,2,2,0,1,2,31,2,1,1,2,1,1,0,0,1
3,13,4,4,1119,0,2,3,1,0,4,0,36,2,1,1,1,1,0,0,0,1
1,18,2,4,1051,0,1,4,2,0,2,0,25,2,1,1,2,1,0,0,0,1
3,14,2,4,1721,0,1,2,2,0,3,0,35,2,1,1,1,1,0,0,0,1
3,12,3,4,2326,0,1,1,2,0,3,0,32,0,1,1,2,1,0,0,0,1
3,15,2,4,1889,0,2,3,2,0,3,2,29,2,1,2,3,1,1,0,0,1
1,10,4,0,1039,0,2,2,2,0,4,1,42,2,1,1,2,1,0,0,0,1
1,26,0,6,6174,0,2,1,2,0,4,0,26,2,1,2,2,1,1,0,0,1
0,22,2,3,3973,0,3,2,2,0,3,1,29,2,1,1,2,1,1,0,0,1
3,40,3,0,11514,4,3,3,2,0,2,2,37,2,1,1,3,1,1,0,0,1
3,12,2,4,2899,1,4,1,2,0,4,0,34,2,1,1,2,1,0,0,0,1
3,23,2,0,3489,0,2,3,2,0,3,0,23,2,1,1,2,1,1,0,0,1
0,28,2,3,2411,0,2,4,2,0,4,2,25,2,1,1,2,1,0,0,1,1
3,33,2,0,3534,0,3,3,2,0,3,2,37,2,1,1,2,1,0,0,0,1
1,23,4,1,6425,0,4,1,2,0,4,2,46,2,1,1,3,1,1,0,0,1
2,15,2,0,2283,0,1,3,0,0,2,2,33,2,1,2,2,1,0,0,1,1
0,20,2,0,1282,1,2,3,1,0,2,2,28,2,0,1,2,1,0,0,1,1
1,39,2,2,11692,0,2,2,2,0,3,2,29,2,1,2,3,1,1,0,1,1
1,21,4,9,2422,0,2,3,2,0,3,2,50,2,1,1,2,1,0,0,0,1
3,7,2,0,1346,0,2,2,2,0,3,1,35,2,1,1,2,1,0,0,0,1
2,16,2,3,3027,0,3,2,1,0,2,0,31,2,1,1,2,1,0,0,0,1
3,12,2,4,1498,0,1,4,2,0,3,0,37,2,1,1,1,1,0,0,0,1
3,11,2,0,3398,0,3,1,2,0,3,0,37,2,1,1,2,1,0,0,0,1
3,17,4,4,1452,0,2,2,1,0,1,2,26,2,1,1,2,1,0,0,0,1
1,28,3,3,2346,0,4,3,2,0,2,1,38,2,1,2,2,1,0,0,0,1
3,12,4,4,1161,0,4,3,2,0,3,0,43,2,1,1,1,1,0,0,0,1
0,24,2,0,2919,0,4,3,2,0,4,3,61,2,1,1,2,1,1,0,0,1
3,27,2,0,2527,0,4,3,2,0,1,1,33,2,1,1,2,2,0,0,0,1
1,29,2,0,7396,4,0,1,2,0,3,1,40,2,1,1,2,1,0,0,0,1
0,40,2,9,4393,0,2,3,2,0,2,1,26,2,1,2,2,1,1,0,1,1
3,9,4,4,1239,4,4,4,1,0,2,0,37,2,1,1,2,1,0,0,0,1
0,15,2,0,3956,0,2,3,2,0,2,2,29,2,1,1,2,1,0,0,1,1
3,12,2,4,3443,0,4,4,2,0,3,0,36,2,1,1,2,2,1,0,0,1
3,27,2,1,3861,0,2,4,2,0,3,2,40,2,1,1,2,1,1,0,0,1
1,16,2,0,1453,0,3,3,2,0,3,2,30,2,1,1,2,1,0,0,1,1
0,12,2,4,690,0,3,3,2,0,3,2,34,0,1,1,1,1,0,0,1,1
3,16,2,9,1261,0,2,4,0,0,2,0,34,2,1,1,2,1,1,0,0,1
0,25,2,3,5424,0,4,2,2,0,3,3,26,2,2,1,2,1,0,0,0,1
3,14,4,0,929,4,3,4,2,0,3,2,57,2,1,3,1,1,0,0,0,1
0,24,2,3,3143,0,1,3,1,0,2,1,28,2,1,1,2,1,0,0,1,1
3,19,4,1,4582,0,2,3,2,0,2,2,32,2,1,1,2,1,1,0,0,1
3,13,2,0,805,0,2,4,2,0,4,0,27,2,1,1,1,1,0,0,0,1
1,30,4,9,6304,0,4,2,2,0,2,0,38,2,1,1,2,1,0,0,0,1
3,24,2,1,2825,2,2,4,2,0,2,0,33,2,1,1,2,1,0,0,0,1
0,16,2,9,3646,0,2,1,1,0,4,2,24,2,1,1,2,1,0,0,0,1
0,24,2,3,3575,0,4,2,2,0,4,2,28,2,1,1,2,1,0,0,1,1
0,6,2,0,299,0,4,2,3,0,2,2,45,2,1,2,1,1,0,0,0,1
3,34,2,1,8112,0,3,1,2,0,2,2,28,2,1,1,2,1,0,0,0,1
0,26,2,4,2424,0,1,4,2,0,4,2,29,2,1,1,2,1,0,0,1,1
0,14,2,0,1275,4,2,3,1,0,1,2,24,2,0,1,2,1,0,0,1,1
2,22,2,4,3020,0,3,2,2,0,1,0,24,2,1,1,2,1,0,0,0,1
3,20,4,1,6379,0,4,1,2,0,1,3,37,2,1,1,3,1,1,0,0,1
0,48,4,1,10155,0,1,2,2,0,3,2,33,2,2,2,2,1,1,0,1,1
1,27,2,1,11848,0,2,1,2,0,2,2,30,2,0,1,3,1,0,0,1,1
1,34,2,0,2816,0,4,3,0,0,3,2,27,0,1,2,2,1,0,0,1,1
2,15,2,4,3008,0,4,2,2,0,2,2,37,2,1,1,2,1,0,0,0,1
1,12,2,0,1320,3,4,3,2,0,3,0,41,2,1,2,2,1,0,0,0,1
1,9,4,9,1413,0,2,4,2,0,2,0,31,2,1,1,1,1,1,0,0,1
0,19,2,4,1936,0,2,3,2,0,3,1,35,2,1,1,2,1,1,0,0,1
1,18,2,4,1054,0,1,4,2,0,1,0,28,2,1,1,2,1,0,0,0,1
1,21,2,0,2516,0,4,1,2,0,3,1,30,2,1,1,2,1,0,0,0,1
3,12,2,1,1403,0,4,2,2,0,4,0,43,2,1,1,2,1,1,0,0,1
1,12,2,0,3589,0,2,1,1,0,1,0,28,2,1,1,1,1,0,0,0,1
3,8,2,3,1766,0,4,1,2,0,2,1,22,2,1,1,1,1,0,0,0,1
3,14,2,0,3520,1,3,2,2,0,2,2,38,2,1,1,2,1,1,0,0,1
1,24,2,3,2992,0,2,4,2,0,3,0,23,2,1,1,2,1,0,0,1,1
0,35,2,3,3349,0,1,3,2,0,2,3,28,2,2,1,2,1,1,0,1,1
3,24,4,1,6316,0,4,3,2,0,2,3,27,2,1,1,3,1,1,0,0,1
3,19,4,4,1532,3,2,4,1,0,3,2,34,2,1,1,2,1,1,0,0,1
3,10,2,0,1544,0,2,1,2,0,3,0,33,2,1,1,2,1,0,0,0,1
3,13,2,4,3076,4,4,2,2,0,4,0,49,2,1,1,2,1,0,0,0,1
0,14,1,0,1769,0,2,2,2,0,1,2,25,2,1,1,1,1,0,0,1,1
1,38,2,3,3963,0,0,4,2,0,2,3,32,2,1,1,2,1,1,0,0,1
1,24,2,0,2026,0,3,4,2,0,4,1,47,2,1,1,2,1,1,0,0,1
3,15,2,4,3068,4,2,2,2,0,2,0,32,2,1,1,2,1,0,0,0,1
1,15,2,4,1176,0,2,3,1,0,2,1,28,2,1,2,2,1,0,0,0,1
1,38,2,4,4756,0,3,4,2,0,2,1,30,2,1,1,2,1,0,0,0,1
3,27,4,4,2762,0,4,2,2,0,2,2,27,2,1,2,2,1,1,0,0,1
1,22,4,3,3615,0,4,3,2,0,4,1,44,2,1,1,2,1,0,0,0,1
3,17,4,0,1597,0,3,3,2,0,2,2,32,2,1,1,2,1,0,0,0,1
0,23,2,4,1605,0,4,3,2,0,4,0,55,2,1,1,2,1,0,0,0,1
0,21,2,4,1351,4,2,3,2,0,3,0,25,2,1,1,2,1,0,0,1,1
3,40,2,1,8547,4,2,3,1,0,1,2,42,2,1,1,2,1,0,0,0,1
3,14,2,4,1458,0,1,3,1,0,2,2,42,2,1,1,2,1,0,0,0,1
1,11,2,9,2639,1,2,2,2,0,3,2,37,2,1,1,2,1,0,0,0,1
0,6,2,4,707,0,2,2,2,0,2,0,28,2,1,1,2,1,0,0,0,1
3,5,2,0,1543,0,1,3,2,0,1,0,35,2,1,1,2,1,0,0,0,1
1,10,2,4,2325,2,1,1,2,0,1,2,41,0,1,1,2,1,0,0,0,1
1,12,2,4,2114,0,2,2,2,0,2,0,41,2,1,1,1,2,0,0,0,1
0,19,2,0,1218,0,1,2,1,0,2,0,41,2,0,2,2,1,1,0,1,1
3,26,4,3,4183,1,2,2,2,0,2,1,31,2,1,2,2,1,0,0,0,1
1,6,2,4,509,0,4,3,2,0,1,0,28,2,1,1,2,1,0,0,0,1
1,44,4,1,6124,0,4,1,2,0,3,2,29,2,1,1,2,1,1,0,0,1
0,27,2,3,3346,0,2,4,2,0,2,3,35,2,1,1,2,1,1,0,1,1
3,11,4,3,2165,0,4,1,2,0,2,0,28,2,1,1,2,1,0,0,0,1
3,33,2,1,3833,0,2,2,2,0,2,1,35,2,1,1,2,1,0,0,0,1
1,24,4,1,6404,0,4,1,2,0,2,3,33,2,1,1,3,1,1,0,0,1
3,14,2,1,4660,0,2,2,2,0,2,2,28,2,1,1,1,1,1,0,0,1
1,18,2,1,2924,4,1,1,2,0,1,0,27,2,1,1,2,1,0,0,0,1
1,10,2,4,1095,0,2,2,1,0,2,0,23,2,1,1,2,1,0,0,0,1
3,11,4,4,1237,2,4,2,1,0,4,1,54,2,0,1,1,1,0,0,0,1
0,48,2,1,10278,0,3,3,2,0,3,2,38,2,1,2,2,1,1,0,1,1
3,15,4,4,710,0,4,2,2,0,3,0,42,2,1,1,1,1,0,0,0,1
3,21,3,9,4380,0,2,1,2,0,2,1,42,2,1,1,1,1,0,0,0,1
1,54,2,9,15790,0,2,3,2,0,4,2,58,2,1,1,2,1,1,0,1,1
2,12,2,4,3016,0,2,3,2,0,1,2,32,2,1,1,2,1,0,0,0,1
